,name,language,pull_requests,size,contributors,age,contributor_xp1,contributor_xp2,contributor_xp3,pr_points1,pr_points2,pr_points3
0,vsouza/awesome-ios,Swift,2212,13528,394,3489,8.111,7.571,7.578,9.103,6.588,10.947
0,Alamofire/Alamofire,Swift,555,34100,240,3503,3.308,3.157,2.712,18.562,12.36,20.595
0,kodecocodes/swift-algorithm-club,Swift,607,14104,237,2171,14.784,13.679,9.193,9.241,7.153,9.187
0,MonitorControl/MonitorControl,Swift,146,29842,70,1522,3.688,3.708,4.052,5.286,4.15,6.182
0,ReactiveX/RxSwift,Swift,20,16233,336,1988,6.468,5.999,5.624,1.811,2.087,1.763
0,vapor/vapor,Swift,746,16743,229,1872,4.313,4.083,3.878,12.139,11.631,14.628
0,SwiftyJSON/SwiftyJSON,Swift,197,1116,130,3058,9.064,8.518,6.735,8.869,7.16,9.629
0,SwifterSwift/SwifterSwift,Swift,581,16213,153,2737,4.026,3.822,4.286,17.33,13.982,14.054
0,Juanpe/SkeletonView,Swift,46,6493,59,835,4.383,4.068,3.199,6.332,6.027,6.844
0,xmartlabs/Eureka,Swift,389,21066,140,2991,8.839,8.118,6.176,5.893,4.828,6.641
0,Ramotion/animated-tab-bar,Swift,46,9671,41,1673,4.738,4.424,3.025,3.91,3.637,4.218
0,ninjaprox/NVActivityIndicatorView,Swift,62,6117,37,2778,4.388,4.058,3.463,1.848,1.791,1.845
0,mas-cli/mas,Swift,133,2805,42,2104,4.963,4.623,3.931,6.769,5.404,4.44
0,Ramotion/folding-cell,Swift,18,23548,22,1214,3.136,2.947,2.099,1.503,1.524,1.473
0,pock/pock,Swift,26,19960,17,1334,3.381,3.16,2.863,2.901,3.071,2.731
0,dwarvesf/hidden,Swift,6,3970,18,742,3.347,3.278,3.01,1.987,1.768,2.04
0,newlinedotco/FlappySwift,Swift,22,232,16,1995,2.746,2.649,2.377,2.531,2.56,2.82
0,stephencelis/SQLite.swift,Swift,186,3960,88,3429,6.451,6.067,4.473,5.874,4.473,6.849
0,mac-cain13/R.swift,Swift,155,4634,59,3047,5.362,5.018,3.938,4.319,3.835,4.425
0,tristanhimmelman/ObjectMapper,Swift,221,1310,99,3424,5.381,4.98,3.591,9.8,9.411,9.891
0,SwiftGen/SwiftGen,Swift,178,49685,88,1293,5.944,5.554,4.184,6.63,5.945,7.194
0,gao-sun/eul,Swift,85,2216,31,559,1.214,1.216,1.204,6.057,5.926,5.431
0,IBAnimatable/IBAnimatable,Swift,313,26794,37,2652,3.81,3.637,2.984,5.505,5.307,6.364
0,toptal/gitignore.io,Swift,271,14065,133,3672,4.896,4.528,2.908,3.934,3.721,2.781
0,lexrus/LTMorphingLabel,Swift,27,1620,22,3531,2.4,2.266,1.78,2.391,2.489,2.504
0,ashleymills/Reachability.swift,Swift,69,355,52,3405,4.73,4.383,3.262,2.718,2.572,2.64
0,kean/Nuke,Swift,148,12130,73,2848,2.793,2.618,2.585,2.806,2.717,2.992
0,kishikawakatsumi/KeychainAccess,Swift,212,1577,29,3244,3.66,3.399,2.356,6.808,6.039,8.279
0,Ranchero-Software/NetNewsWire,Swift,229,38376,73,1152,6.623,6.168,4.641,6.05,5.128,5.205
0,Lona/Lona,Swift,413,30415,23,1085,2.903,2.744,2.261,10.965,8.225,11.147
0,ReSwift/ReSwift,Swift,196,9604,65,2864,2.33,2.265,2.203,4.417,3.58,3.465
0,malcommac/SwiftDate,Swift,45,27837,103,1518,6.567,6.035,4.192,2.678,2.98,2.564
0,patchthecode/JTAppleCalendar,Swift,67,2542,44,2638,3.159,2.948,3.003,3.549,3.047,3.628
0,sindresorhus/Gifski,Swift,101,21753,14,1086,1.284,1.272,1.195,9.799,9.324,11.325
0,marcosgriselli/ViewAnimator,Swift,26,12305,15,2240,2.232,2.113,1.83,2.981,2.806,2.526
0,SwiftKickMobile/SwiftMessages,Swift,44,18785,33,2614,4.671,4.31,3.402,2.112,2.128,2.33
0,WenchaoD/FSPagerView,Swift,10,2105,8,1831,1.527,1.477,1.393,1.676,1.766,1.736
0,xmartlabs/XLPagerTabStrip,Swift,93,3983,37,3140,1.691,1.65,1.561,2.172,1.984,2.271
0,maxgoedjen/secretive,Swift,33,14378,30,139,2.292,2.166,2.182,6.045,5.928,6.95
0,yonaskolb/XcodeGen,Swift,560,11807,186,2401,3.643,3.431,3.46,21.421,13.258,27.141
0,qvacua/vimr,Swift,22,36580,33,3572,3.667,3.405,2.665,2.167,1.961,2.321
0,SwiftUIX/SwiftUIX,Swift,115,3336,43,1707,5.149,4.745,3.037,4.282,3.751,3.884
0,huri000/SwiftEntryKit,Swift,92,46240,24,1275,4.003,3.71,3.274,6.002,4.692,5.638
0,bizz84/SwiftyStoreKit,Swift,57,3871,55,2752,4.5,4.175,2.801,5.163,4.937,5.488
0,Swinject/Swinject,Swift,156,1736,43,3087,4.133,3.87,3.144,8.428,7.759,8.128
0,andreamazz/AMScrollingNavbar,Swift,69,23499,39,2697,1.895,1.813,1.919,3.735,3.814,3.72
0,glushchenko/fsnotes,Swift,133,40258,37,2413,1.812,1.74,1.757,3.953,3.324,3.862
0,Swift-AI/Swift-AI,Swift,31,30117,17,516,2.234,2.117,1.64,3.253,2.669,3.318
0,raulriera/TextFieldEffects,Swift,25,663,20,2920,2.854,2.68,2.232,2.801,2.545,2.916
0,MessageKit/MessageKit,Swift,188,49716,141,1724,3.199,3.175,3.31,8.292,8.207,7.956
0,kean/Pulse,Swift,51,6646,29,1082,1.445,1.403,1.404,3.269,2.95,3.569
0,SwiftyBeaver/SwiftyBeaver,Swift,156,2446,74,2851,6.241,5.741,4.265,9.044,7.657,8.38
0,Ji4n1ng/OpenInTerminal,Swift,35,29202,24,1247,3.676,3.429,2.968,2.433,2.369,2.181
0,twostraws/ControlRoom,Swift,44,7382,49,118,6.874,6.38,4.031,4.939,5.105,4.802
0,Ramotion/expanding-collection,Swift,15,31962,17,734,2.277,2.194,1.764,1.605,1.655,1.613
0,scenee/FloatingPanel,Swift,231,7753,39,1962,3.42,3.183,3.394,4.663,3.903,4.833
0,AndrewHartAR/ARKit-CoreLocation,Swift,29,24021,29,640,5.208,5.062,4.603,1.726,1.507,1.938
0,alexisakers/BulletinBoard,Swift,44,29722,32,1126,4.271,3.963,3.107,3.035,2.836,3.305
0,Yalantis/Koloda,Swift,99,49627,62,3112,7.259,6.753,5.228,5.135,5.496,4.342
0,nalexn/clean-architecture-swiftui,Swift,6,430,6,1473,1.494,1.447,1.249,1.75,1.9,1.6
0,philackm/ScrollableGraphView,Swift,12,25474,7,959,1.674,1.615,1.553,1.77,1.87,1.731
0,vikmeup/SCLAlertView-Swift,Swift,146,3983,79,3500,5.956,5.521,4.119,4.039,3.968,4.375
0,JakeLin/SwiftLanguageWeather,Swift,33,40701,20,3372,1.941,1.86,1.525,2.108,1.977,2.472
0,Jounce/Surge,Swift,82,554,24,3268,3.958,3.737,2.68,7.876,7.871,8.409
0,AppPear/ChartView,Swift,36,4822,26,807,2.808,2.637,2.256,4.131,4.184,3.816
0,ephread/Instructions,Swift,23,13646,34,1302,1.762,1.689,1.796,2.371,2.233,2.037
0,eggswift/ESTabBarController,Swift,28,6658,14,2545,2.109,2.025,1.709,2.201,2.06,2.162
0,siteline/swiftui-introspect,Swift,136,1490,32,1370,3.909,3.649,2.567,3.81,3.341,4.258
0,Jinxiansen/SwiftUI,Swift,13,20801,7,1719,1.812,1.749,1.546,1.683,1.594,1.826
0,marmelroy/PhoneNumberKit,Swift,227,2549,95,3078,9.514,8.717,5.883,6.737,4.443,8.733
0,nickoneill/PermissionScope,Swift,48,1519,23,632,4.367,4.118,3.767,5.453,6.457,5.476
0,sunshinejr/SwiftyUserDefaults,Swift,69,583,37,2227,4.508,4.208,3.968,5.074,4.832,5.378
0,soapyigu/LeetCode-Swift,Swift,283,13111,38,2478,5.395,4.973,3.73,22.252,23.637,23.856
0,JohnSundell/Publish,Swift,70,154,36,1196,4.126,3.834,2.582,5.493,5.26,5.779
0,peripheryapp/periphery,Swift,322,7602,28,1806,4.076,3.775,2.976,12.257,12.385,14.233
0,Daltron/NotificationBanner,Swift,83,25700,60,2220,5.608,5.17,4.642,3.651,3.322,3.371
0,Finb/Bark,Swift,14,8673,10,2114,1.163,1.151,1.157,2.758,2.652,2.515
0,KelvinJin/AnimatedCollectionViewLayout,Swift,7,2159,5,587,1.732,1.66,1.471,2.643,2.279,2.621
0,duemunk/Async,Swift,41,573,23,2357,1.786,1.731,1.495,3.994,3.825,4.018
0,mamaral/Neon,Swift,16,14088,11,777,2.696,2.552,1.908,3.64,3.855,3.12
0,badoo/Chatto,Swift,238,4614,54,2834,3.56,3.534,3.965,6.12,5.68,6.555
0,optonaut/ActiveLabel.swift,Swift,51,1440,27,1899,2.866,2.881,2.766,5.885,5.667,5.946
0,SoySauceLab/CollectionKit,Swift,46,5175,9,619,1.386,1.359,1.393,3.649,3.335,3.616
0,devicekit/DeviceKit,Swift,126,610,43,3271,1.854,1.877,1.797,6.622,5.98,7.396
0,scinfu/SwiftSoup,Swift,54,1926,42,2644,4.011,3.732,3.183,4.552,4.396,4.586
0,RobertGummesson/BuildTimeAnalyzer-for-Xcode,Swift,38,747,10,2693,2.706,2.738,2.712,1.883,1.72,2.039
0,ankurp/Dollar,Swift,135,5587,43,3557,1.855,1.783,1.899,6.681,6.481,7.142
0,DeclarativeHub/Bond,Swift,156,2311,71,2101,5.894,5.447,3.975,3.637,3.26,4.273
0,PaoloCuscela/Cards,Swift,11,10354,9,626,2.515,2.366,1.924,1.599,1.599,1.448
0,ArtSabintsev/Siren,Swift,104,6011,53,3055,4.275,3.962,3.075,3.588,3.12,3.871
0,Toxblh/MTMR,Swift,115,9874,35,2109,3.826,3.637,2.634,4.079,4.185,3.33
0,cbpowell/MarqueeLabel,Swift,49,15746,42,4742,3.177,2.965,2.941,2.802,2.363,3.287
0,devxoul/Then,Swift,26,92,17,2315,1.883,1.806,1.597,2.807,2.568,3.0
0,calimarkus/JDStatusBarNotification,Swift,21,2896,21,2234,2.692,2.53,2.169,2.431,2.371,2.299
0,Alamofire/AlamofireImage,Swift,82,13943,47,2933,3.421,3.196,2.646,6.372,4.811,6.748
0,roberthein/TinyConstraints,Swift,35,37466,24,1829,3.046,2.864,2.522,3.955,4.07,4.568
0,JohnEstropia/CoreStore,Swift,7,15032,28,577,2.802,2.626,2.204,1.653,1.685,1.424
0,DaveWoodCom/XCGLogger,Swift,18,1809,31,1472,1.91,1.824,1.845,2.156,2.11,1.991
0,yoavlt/LiquidFloatingActionButton,Swift,11,1797,11,2455,1.801,1.736,1.529,1.761,1.721,1.829
0,louisdh/panelkit,Swift,6,11753,4,317,1.232,1.212,1.176,1.623,1.655,1.539
0,gontovnik/DGElasticPullToRefresh,Swift,9,3810,7,339,1.942,1.893,1.811,2.06,2.042,2.018
0,pkluz/PKHUD,Swift,54,25595,33,2283,2.967,2.852,2.296,3.934,3.688,4.092
0,okmr-d/DOFavoriteButton,Swift,10,69,10,601,2.153,2.048,1.855,1.411,1.384,1.425
0,slackhq/PanModal,Swift,27,33601,15,420,3.09,2.913,2.495,4.871,5.392,4.89
0,JadenGeller/Helium,Swift,35,12846,28,735,4.943,4.571,3.896,2.353,2.448,2.022
0,kasketis/netfox,Swift,57,8661,41,2209,5.273,5.064,3.875,2.642,2.618,2.586
0,fastred/Optimizing-Swift-Build-Times,Swift,12,1333,7,465,1.771,1.71,1.655,2.128,2.598,2.147
0,pointfreeco/swift-snapshot-testing,Swift,171,30906,75,2021,3.514,3.307,2.833,12.745,12.815,11.323
0,scalessec/Toast-Swift,Swift,22,639,15,2988,3.57,3.323,2.944,2.811,2.522,2.997
0,thoughtbot/Argo,Swift,152,1264,43,2068,6.408,5.889,4.392,3.695,2.415,4.634
0,CVCalendar/CVCalendar,Swift,84,4731,48,2081,4.772,4.446,3.683,4.675,3.976,5.557
0,Rightpoint/BonMot,Swift,147,4846,30,2944,2.785,2.635,2.41,3.332,2.981,3.892
0,cruisediary/Pastel,Swift,19,16734,11,2004,1.824,1.773,1.565,2.811,2.659,2.811
0,johnste/finicky,Swift,51,2810,22,3127,1.993,1.904,1.983,3.212,2.747,3.251
0,Yalantis/Persei,Swift,5,2370,6,1874,2.057,2.005,2.037,1.901,1.827,1.972
0,shu223/iOS-9-Sampler,Swift,5,11781,3,592,1.263,1.239,1.13,2.058,2.033,2.203
0,willowtreeapps/spruce-ios,Swift,22,15668,7,1427,1.832,1.768,1.665,1.442,1.421,1.444
0,Ramotion/circle-menu,Swift,11,6458,17,1534,1.811,1.774,1.601,1.146,1.14,1.133
0,kyleduo/TinyPNG4Mac,Swift,7,35785,7,1979,2.38,2.247,1.885,2.289,2.231,2.466
0,XcodesOrg/xcodes,Swift,49,1018,28,681,4.623,4.325,3.121,5.054,4.846,4.477
0,dekatotoro/SlideMenuControllerSwift,Swift,35,2838,23,1060,3.519,3.289,2.706,3.003,2.917,3.076
0,IFTTT/RazzleDazzle,Swift,7,2763,8,519,1.96,1.88,1.87,1.34,1.299,1.428
0,RNCryptor/RNCryptor,Swift,41,1916,28,4344,3.289,3.067,2.14,3.781,3.962,4.035
0,freshOS/Stevia,Swift,43,1211,25,2534,1.327,1.303,1.345,2.347,2.263,2.136
0,malcommac/SwiftLocation,Swift,13,8112,31,3141,4.735,4.372,2.858,1.555,1.448,1.603
0,xmartlabs/XLActionController,Swift,42,8991,17,2150,3.935,3.749,3.18,5.061,4.133,5.101
0,onevcat/FengNiao,Swift,26,462,14,2407,1.736,1.679,1.387,3.299,3.345,3.384
0,andreamazz/BubbleTransition,Swift,16,512,11,2002,1.355,1.324,1.352,2.044,1.996,1.942
0,ChiliLabs/CHIPageControl,Swift,20,2477,10,1932,1.906,1.911,1.943,3.303,2.923,3.582
0,Ramotion/paper-onboarding,Swift,14,23197,21,1293,2.314,2.242,1.883,2.528,2.308,2.622
0,mczachurski/wallpapper,Swift,6,4690,7,1679,2.06,1.958,1.919,1.138,1.204,1.149
0,rechsteiner/Parchment,Swift,182,5766,31,2141,2.698,2.533,2.001,3.326,3.125,3.699
0,sindresorhus/Plash,Swift,13,8912,8,360,1.355,1.321,1.167,3.323,3.18,3.771
0,shoheiyokoyama/Gemini,Swift,8,3707,5,1206,1.523,1.472,1.325,1.621,1.531,1.428
0,OAuthSwift/OAuthSwift,Swift,177,4034,98,2900,3.259,3.149,3.516,8.452,7.054,7.293
0,andreamazz/AMPopTip,Swift,47,4452,35,2888,3.589,3.342,2.487,3.49,3.326,2.837
0,devxoul/URLNavigator,Swift,49,310,12,2709,1.68,1.632,1.407,5.187,5.052,5.195
0,austinzheng/swift-2048,Swift,9,87,7,1103,2.496,2.363,2.076,1.559,1.452,1.708
0,saoudrizwan/Disk,Swift,9,453,9,736,2.657,2.506,1.822,3.079,3.276,3.245
0,RxSwiftCommunity/RxDataSources,Swift,61,2108,47,1827,2.895,2.744,2.507,2.653,2.389,2.225
0,teodorpatras/EasyTipView,Swift,16,16676,19,2134,3.516,3.278,2.498,2.938,2.767,3.112
0,IcaliaLabs/Presentr,Swift,24,1618,23,905,2.124,2.025,1.968,5.299,5.683,5.497
0,krzysztofzablocki/LifetimeTracker,Swift,38,3806,25,2023,2.682,2.551,1.973,4.655,4.326,4.498
0,BeauNouvelle/FaceAware,Swift,13,2083,7,1470,2.102,2.004,1.684,2.41,2.403,2.327
0,marmelroy/Localize-Swift,Swift,19,311,18,1879,2.278,2.175,1.822,2.967,2.948,2.661
0,exyte/PopupView,Swift,26,22361,20,1405,2.335,2.222,1.782,2.262,2.15,2.045
0,Esqarrouth/EZSwiftExtensions,Swift,278,1364,46,2945,3.008,2.921,3.202,12.424,11.577,11.392
0,aahung/Unshaky,Swift,22,18115,19,1692,3.55,3.315,2.914,3.647,3.999,4.017
0,AliSoftware/Reusable,Swift,40,2772,29,2062,2.478,2.365,1.899,7.463,7.104,7.492
0,icanzilb/EasyAnimation,Swift,16,327,14,1223,2.837,2.658,2.028,2.147,1.939,2.108
0,yannickl/DynamicColor,Swift,22,483,11,1853,2.669,2.518,2.063,2.032,2.062,1.909
0,ReactiveCocoa/ReactiveSwift,Swift,459,17696,218,2698,15.248,14.04,9.959,12.789,15.212,12.034
0,khoren93/SwiftHub,Swift,6,13137,7,1460,1.285,1.258,1.213,1.655,1.722,1.491
0,Ramotion/paper-switch,Swift,7,3691,14,1065,2.527,2.495,2.13,1.798,1.641,1.622
0,matthewpalmer/Locksmith,Swift,34,716,25,1105,5.007,4.623,3.209,2.774,2.405,3.329
0,Yalantis/GuillotineMenu,Swift,13,987,13,1826,2.908,2.905,2.939,2.313,2.208,2.383
0,delba/Permission,Swift,15,1451,15,496,2.629,2.48,2.159,3.787,4.002,3.887
0,kmikiy/SpotMenu,Swift,27,30735,13,1816,2.313,2.191,2.072,2.977,2.642,3.052
0,analogcode/Swift-Radio-Pro,Swift,47,11931,18,2851,2.012,1.954,2.054,4.17,3.909,4.933
0,ariok/BWWalkthrough,Swift,14,499,9,1991,1.807,1.744,1.74,2.091,2.148,1.89
0,WeTransfer/WeScan,Swift,67,17459,44,2190,4.449,4.252,3.255,2.668,2.59,2.659
0,nixzhu/MonkeyKing,Swift,57,3150,22,2453,2.775,2.692,2.297,5.23,4.292,5.6
0,steve228uk/YouTube-Music,Swift,29,22600,13,1523,2.628,2.562,2.174,2.239,2.514,2.193
0,Yalantis/Side-Menu.iOS,Swift,13,201,10,1906,2.19,2.146,2.058,2.973,2.852,2.935
0,ivanvorobei/SPStorkController,Swift,10,18363,7,913,1.636,1.577,1.325,3.138,3.52,3.065
0,PhamBaTho/BTNavigationDropdownMenu,Swift,26,2897,22,1959,2.727,2.562,2.143,3.3,2.813,3.493
0,evgenyneu/keychain-swift,Swift,31,595,26,3244,3.55,3.304,2.656,3.782,3.442,4.129
0,ReactorKit/ReactorKit,Swift,85,623,37,2593,4.367,4.061,2.799,8.948,9.285,9.205
0,tristanhimmelman/AlamofireObjectMapper,Swift,42,254,32,1691,3.967,3.688,2.869,4.18,3.982,4.498
0,eleev/ios-learning-materials,Swift,26,5959,9,1279,2.025,1.925,1.824,4.836,5.074,4.589
0,relatedcode/ProgressHUD,Swift,8,4942,5,3570,1.155,1.142,1.086,2.5,2.8,2.6
0,naoty/Timepiece,Swift,30,276,11,1724,2.417,2.304,2.187,2.842,2.642,3.253
0,Touchwonders/Transition,Swift,6,11725,7,1329,2.014,1.956,1.7,2.192,2.288,2.132
0,OpenCombine/OpenCombine,Swift,146,1794,24,1591,3.364,3.144,2.448,9.548,9.292,9.187
0,Boris-Em/BEMCheckBox,Swift,23,3572,15,1856,1.671,1.614,1.463,2.864,2.52,2.679
0,shaps80/Peek,Swift,10,16630,9,1505,2.157,2.048,1.686,1.593,1.537,1.636
0,ElaWorkshop/TagListView,Swift,41,381,35,2912,4.257,3.991,3.285,4.764,4.34,5.301
0,pujiaxin33/JXSegmentedView,Swift,10,7665,7,1110,1.483,1.438,1.25,2.331,2.223,2.305
0,suzuki-0000/SKPhotoBrowser,Swift,158,21162,77,2484,5.53,5.177,4.39,8.345,5.985,9.156
0,Ramotion/reel-search,Swift,7,7766,13,1742,2.14,2.257,2.351,1.952,2.101,1.854
0,HamzaGhazouani/HGCircularSlider,Swift,14,17310,9,1602,2.356,2.251,2.059,1.923,1.969,1.934
0,amirdew/CollectionViewPagingLayout,Swift,21,37032,8,1081,2.546,2.395,2.027,3.194,3.127,3.171
0,pmusolino/PMAlertController,Swift,17,1114,17,1581,3.27,3.053,2.589,2.195,2.078,1.867
0,nghialv/MaterialKit,Swift,9,8724,6,482,1.675,1.656,1.66,1.405,1.309,1.45
0,antitypical/Result,Swift,156,397,43,1556,6.047,5.783,4.622,12.207,11.413,12.63
0,Yalantis/Segmentio,Swift,32,4189,22,1382,3.699,3.718,3.643,3.769,3.735,3.851
0,kitasuke/PagingMenuController,Swift,150,740,15,643,2.368,2.238,1.876,6.407,6.426,6.852
0,wxxsw/SwiftTheme,Swift,30,2693,17,2059,2.65,2.512,2.344,1.689,1.591,1.524
0,michaelvillar/timer-app,Swift,43,2465,13,1744,2.379,2.38,2.345,4.917,4.988,4.29
0,JohnSundell/Files,Swift,45,320,18,1382,2.921,2.747,1.987,5.134,3.924,4.67
0,dasdom/BreakOutToRefresh,Swift,9,3671,7,443,1.852,1.788,1.639,1.971,1.953,1.664
0,ytakzk/Fusuma,Swift,63,8082,38,1131,3.129,2.971,2.261,3.232,2.917,3.193
0,gavinbunney/Toucan,Swift,9,4680,13,1199,1.875,1.889,1.83,1.81,1.937,1.813
0,marmelroy/Zip,Swift,36,8362,26,2984,3.295,3.11,2.38,2.312,2.261,2.508
0,richardtop/CalendarKit,Swift,81,731,35,2708,3.219,3.011,2.518,6.84,5.975,8.011
0,AssistoLab/DropDown,Swift,22,812,21,2012,4.356,4.052,3.24,2.39,2.318,2.662
0,tombonez/noTunes,Swift,8,600,7,2316,1.975,1.899,1.729,1.876,2.063,1.812
0,mattdonnelly/Swifter,Swift,89,1420,55,2389,5.207,4.928,4.149,4.662,4.127,5.019
0,tid-kijyun/Kanna,Swift,74,479,36,3538,3.817,3.542,2.896,3.348,2.584,3.188
0,AAChartModel/AAChartKit-Swift,Swift,17,3695,11,2344,2.042,1.94,1.66,2.195,2.147,2.231
0,mono0926/LicensePlist,Swift,70,33479,50,1610,4.217,3.936,2.882,5.258,4.374,5.81
0,teslamotors/react-native-camera-kit,Swift,172,13072,70,2742,7.014,6.829,6.897,5.286,4.834,4.398
0,JohnSundell/Ink,Swift,35,120,14,1228,1.741,1.746,1.624,4.659,4.552,4.782
0,Yalantis/DisplaySwitcher,Swift,14,9667,14,1921,3.419,3.488,3.464,2.729,2.712,2.772
0,Ramotion/navigation-stack,Swift,7,19787,13,598,1.598,1.587,1.481,1.234,1.207,1.186
0,nvzqz/FileKit,Swift,5,4878,9,37,1.988,1.91,1.874,1.925,1.913,1.843
0,yacir/CollectionViewSlantedLayout,Swift,23,45109,6,1347,1.959,1.866,1.69,1.712,1.683,1.741
0,takuoka/TKSubmitTransition,Swift,23,10731,16,1580,2.584,2.534,2.222,4.332,4.099,4.646
0,pmusolino/Wormholy,Swift,34,2116,21,1792,3.053,2.871,2.117,4.585,4.204,5.29
0,layoutBox/PinLayout,Swift,154,20371,22,2519,3.015,2.846,2.447,14.392,13.045,16.398
0,jpsim/SourceKitten,Swift,377,9610,58,2606,3.917,3.67,3.132,15.681,12.511,17.935
0,jordansinger/SwiftUI-Kit,Swift,30,5846,9,1062,2.365,2.298,1.992,3.093,3.018,3.279
0,dani-gavrilov/GDPerformanceView-Swift,Swift,6,1341,4,1355,1.465,1.423,1.337,2.081,2.171,2.039
0,zhxnlai/ZLSwipeableViewSwift,Swift,26,12641,20,2971,2.604,2.537,2.344,2.41,2.316,2.232
0,github/SoftU2F,Swift,32,481,14,1419,2.305,2.213,2.407,2.983,2.987,2.544
0,HamzaGhazouani/HGPlaceholders,Swift,15,2359,8,1636,1.911,1.828,1.733,3.416,2.911,3.225
0,yonaskolb/Mint,Swift,94,382,37,2295,2.496,2.362,1.873,7.802,7.269,8.357
0,davedelong/time,Swift,16,676,12,2276,2.268,2.15,1.74,2.118,1.984,2.093
0,paololeonardi/WaterfallGrid,Swift,12,3579,4,639,1.61,1.55,1.482,2.641,2.44,2.415
0,dotintent/WobbleView,Swift,5,287,4,176,1.237,1.237,1.273,1.931,1.914,1.828
0,HarshilShah/DeckTransition,Swift,23,2595,10,744,1.366,1.332,1.248,3.185,2.805,2.482
0,delba/TextAttributes,Swift,5,2695,5,84,1.43,1.392,1.246,1.442,1.64,1.463
0,bustoutsolutions/siesta,Swift,117,14875,23,2317,5.657,5.202,4.348,9.078,8.501,9.378
0,onevcat/APNGKit,Swift,57,5228,15,3021,1.739,1.67,1.349,2.057,1.927,2.102
0,gmarm/BetterSegmentedControl,Swift,25,4434,9,1662,2.61,2.453,2.25,4.148,4.09,4.536
0,icanzilb/SwiftSpinner,Swift,30,2488,25,2163,2.252,2.176,1.954,3.26,2.694,3.524
0,aschuch/StatefulViewController,Swift,16,510,11,995,2.312,2.189,1.727,2.671,2.597,2.728
0,evgenyneu/Cosmos,Swift,23,4881,20,3352,2.849,2.7,2.251,4.465,5.08,4.556
0,NextLevel/NextLevel,Swift,27,5266,17,1863,3.025,2.831,2.276,4.106,4.578,4.063
0,polqf/FillableLoaders,Swift,8,2664,3,638,1.241,1.233,1.198,2.408,2.251,2.328
0,DianQK/TransitionTreasury,Swift,11,16755,8,1349,1.801,1.737,1.427,2.775,2.85,2.833
0,hmlongco/Resolver,Swift,28,742,21,1933,2.653,2.503,2.136,2.018,1.928,1.821
0,corin8823/Popover,Swift,45,207,19,1595,3.948,3.667,2.739,4.805,4.235,4.454
0,RevenueCat/purchases-ios,Swift,157,23299,62,933,5.702,5.339,4.362,6.683,5.769,7.457
0,codestergit/SweetAlert-iOS,Swift,6,2317,6,1188,1.92,1.847,1.679,2.213,2.355,2.337
0,piemonte/Player,Swift,53,11117,38,2101,4.577,4.26,3.293,6.306,6.47,5.948
0,AlexLittlejohn/ALCameraViewController,Swift,14,1742,13,1735,2.629,2.478,2.008,1.833,1.94,1.95
0,Friend-LGA/LGSideMenuController,Swift,6,7939,6,1007,1.31,1.285,1.187,1.712,2.054,1.769
0,nalexn/ViewInspector,Swift,42,1868,29,1156,3.142,2.937,2.078,2.773,2.591,2.718
0,52inc/Pulley,Swift,58,389,38,2487,4.968,4.683,4.143,5.953,5.91,6.64
0,ishkawa/APIKit,Swift,171,1438,37,2802,3.672,3.446,2.459,5.499,4.716,6.441
0,sauliusgrigaitis/Swifton,Swift,16,128,10,156,2.442,2.304,1.688,2.551,2.28,2.935
0,Ramotion/fluid-slider,Swift,8,9944,10,501,2.014,2.115,2.17,1.552,1.495,1.338
0,marmelroy/PeekPop,Swift,8,8034,8,238,1.406,1.372,1.237,1.951,2.088,2.108
0,SDWebImage/SDWebImageSwiftUI,Swift,102,4778,5,1650,1.383,1.347,1.227,7.659,6.902,7.107
0,Cosmo/TinyConsole,Swift,13,1098,8,1036,1.979,1.941,1.97,2.549,2.416,2.456
0,JohnSundell/Unbox,Swift,56,920,32,1403,2.605,2.462,2.315,3.106,3.267,3.355
0,zalando/SwiftMonkey,Swift,21,372,14,1552,1.955,1.898,1.603,3.296,3.471,3.152
0,JohnSundell/Plot,Swift,71,225,33,1287,3.465,3.285,2.413,4.04,3.505,3.461
0,nakiostudio/EasyPeasy,Swift,47,9936,9,1755,1.651,1.591,1.372,4.257,3.931,3.869
0,tuist/XcodeProj,Swift,338,18134,114,1236,2.896,2.986,3.293,11.058,8.11,9.899
0,keitaoouchi/MarkdownView,Swift,30,4013,3,1739,1.257,1.233,1.121,5.304,4.234,5.651
0,ReactKit/SwiftTask,Swift,28,574,14,321,2.3,2.176,2.081,5.772,5.549,6.076
0,caiyue1993/IceCream,Swift,57,564,26,1593,2.198,2.093,2.094,5.731,5.572,5.357
0,uias/Pageboy,Swift,43,10136,20,1443,2.271,2.147,1.773,3.201,3.235,3.645
0,BrikerMan/BMPlayer,Swift,39,25186,22,2410,1.764,1.717,1.838,2.697,2.667,2.715
0,Thomvis/BrightFutures,Swift,58,960,40,2909,2.78,2.618,2.879,3.565,3.136,4.004
0,heckj/swiftui-notes,Swift,147,21946,34,1204,3.954,3.682,2.69,4.788,3.781,5.613
0,layoutBox/FlexLayout,Swift,103,17881,33,2436,3.801,3.573,3.024,2.899,2.281,2.634
0,draveness/DKChainableAnimationKit,Swift,9,2658,8,917,2.019,1.947,1.562,1.66,1.595,1.748
0,sindresorhus/touch-bar-simulator,Swift,18,22726,7,1376,1.105,1.112,1.106,1.888,1.988,1.669
0,bannzai/Gecco,Swift,25,795,11,1719,2.51,2.423,2.182,2.47,2.258,2.235
0,gontovnik/DGRunkeeperSwitch,Swift,13,549,10,570,3.055,2.927,2.447,1.776,1.71,1.8
0,demonnico/PinterestSwift,Swift,6,1992,5,2176,1.813,1.737,1.566,1.826,1.731,1.8
0,itsmeichigo/DateTimePicker,Swift,17,7106,13,1709,2.643,2.525,2.371,3.871,3.753,3.738
0,JohnSundell/Marathon,Swift,72,542,19,910,2.058,1.98,1.907,10.206,10.364,11.482
0,indragiek/InAppViewDebugger,Swift,7,16047,5,1736,1.392,1.357,1.212,1.644,1.781,1.723
0,takuoka/PullToBounce,Swift,5,7225,7,1545,1.438,1.409,1.391,1.9,1.788,2.194
0,jflinter/Dwifft,Swift,24,1917,18,1461,3.872,3.711,2.872,2.041,1.895,2.034
0,Zewo/Zewo,Swift,63,5658,29,889,4.214,3.92,2.967,3.281,2.915,2.403
0,wojteklu/Watchdog,Swift,19,538,14,1554,2.728,2.575,2.221,2.843,2.503,3.116
0,sberrevoets/SDCAlertView,Swift,73,5284,44,3223,5.473,5.038,3.685,3.711,3.449,4.237
0,Pyroh/Fluor,Swift,6,12346,4,1430,1.478,1.437,1.478,1.757,1.717,1.681
0,luoxiu/Schedule,Swift,17,1008,10,826,2.34,2.224,1.705,3.247,3.051,3.427
0,marmelroy/Interpolate,Swift,7,1057,11,1760,2.682,2.532,1.958,2.221,2.146,2.358
0,evnaz/ENSwiftSideMenu,Swift,28,4313,20,2019,3.48,3.24,2.62,3.112,3.087,3.157
0,elai950/AlertToast,Swift,10,12075,11,549,2.407,2.27,1.902,1.46,1.548,1.363
0,onevcat/Rainbow,Swift,36,361,13,2801,2.275,2.159,1.645,4.615,4.569,4.811
0,remirobert/Dotzu,Swift,6,9225,7,225,1.566,1.515,1.573,1.705,1.661,1.779
0,eggswift/pull-to-refresh,Swift,31,38063,19,1550,2.58,2.436,2.091,5.423,4.822,6.163
0,sindresorhus/Defaults,Swift,10,291,13,870,1.174,1.172,1.13,3.255,3.24,3.316
0,FluidGroup/NextGrowingTextView,Swift,34,7996,21,2124,1.76,1.696,1.803,4.986,4.64,4.565
0,JohnSundell/SwiftPlate,Swift,27,471,19,1389,2.474,2.373,1.949,4.137,4.114,3.792
0,zvonicek/ImageSlideshow,Swift,33,1382,27,1921,2.443,2.307,2.348,3.863,3.599,4.196
0,Kevin-De-Koninck/Clean-Me,Swift,6,23447,6,1475,1.435,1.41,1.466,2.75,2.5,2.6
0,vhesener/Closures,Swift,8,4088,5,797,1.878,1.792,1.666,2.294,2.003,2.175
0,JohnSundell/Splash,Swift,113,497,17,1386,1.3,1.279,1.195,7.785,8.454,8.667
0,luispadron/UICircularProgressRing,Swift,45,31693,23,1927,2.037,1.937,1.583,2.661,2.467,2.5
0,GitHawkApp/MessageViewController,Swift,44,490,12,630,1.399,1.399,1.468,3.543,3.3,3.333
0,SwiftDocOrg/swift-doc,Swift,114,1434,23,491,3.977,3.712,2.55,8.379,6.722,7.535
0,marty-suzuki/ReverseExtension,Swift,18,12646,6,1657,1.693,1.635,1.395,3.3,3.191,3.453
0,mRs-/Black-Friday-Deals,Swift,462,969,257,2205,10.398,9.517,6.279,69.397,35.553,100.194
0,marksands/BetterCodable,Swift,18,59,15,1002,2.881,2.731,2.522,2.843,2.83,3.226
0,jakarmy/swift-summary,Swift,14,391,9,623,1.387,1.387,1.456,1.833,1.758,1.67
0,marcosgriselli/EasyTransitions,Swift,11,48637,4,1151,1.551,1.501,1.329,1.496,1.446,1.527
0,sindresorhus/KeyboardShortcuts,Swift,11,1460,29,255,1.344,1.328,1.27,1.998,1.873,2.114
0,CombineCommunity/CombineExt,Swift,35,354,29,344,2.891,2.799,2.454,5.198,5.566,4.933
0,danielsaidi/Sheeeeeeeeet,Swift,22,16941,9,2048,2.068,1.966,1.536,2.347,2.015,2.516
0,Ekhoo/Device,Swift,42,2149,30,3009,3.636,3.439,2.96,4.019,3.384,4.005
0,Jintin/Swimat,Swift,23,3606,12,2563,1.999,1.914,1.732,3.419,2.898,3.61
0,AndreaMiotto/PartialSheet,Swift,36,526,22,1388,3.126,2.934,2.475,2.567,2.368,2.001
0,Brightify/Cuckoo,Swift,68,2639,47,2930,8.484,7.959,6.204,6.332,5.532,5.768
0,rwbutler/Connectivity,Swift,12,1296,10,2053,2.733,2.567,2.159,2.065,2.038,1.828
0,microsoft/FluentDarkModeKit,Swift,58,196,9,574,1.674,1.671,1.574,6.878,6.663,7.304
0,hkellaway/Gloss,Swift,38,1049,27,1534,1.674,1.68,1.596,10.314,8.778,11.144
0,Marxon13/M13Checkbox,Swift,29,18550,23,2982,2.474,2.388,2.122,1.643,1.624,1.536
0,vanshg/MacAssistant,Swift,8,44918,7,766,1.698,1.632,1.525,1.981,1.975,1.871
0,amayne/SwiftString,Swift,7,942,8,151,2.466,2.327,2.005,2.439,2.572,2.596
0,IdeasOnCanvas/Aiolos,Swift,25,956,8,1105,1.78,1.758,1.705,2.546,2.213,2.812
0,RxSwiftCommunity/RxAlamofire,Swift,44,3120,38,1915,3.456,3.585,3.715,3.892,3.712,3.751
0,JohnSundell/TestDrive,Swift,10,2543,4,944,1.167,1.154,1.105,2.646,3.0,2.742
0,eddiekaiger/SwiftyAttributes,Swift,26,254,9,2756,1.789,1.723,1.605,3.566,3.159,3.593
0,me-abhinav/NumberMorphView,Swift,5,4303,4,630,1.13,1.13,1.113,1.873,1.593,2.044
0,CombineCommunity/CombineCocoa,Swift,12,1476,16,417,2.449,2.329,1.909,2.882,2.763,3.21
0,jrendel/SwiftKeychainWrapper,Swift,17,358,27,2196,3.012,2.855,2.134,2.992,2.464,3.329
0,raspu/Highlightr,Swift,21,2920,17,2432,4.639,4.307,3.466,2.578,2.226,2.057
0,CaliCastle/PopMenu,Swift,7,4618,4,1519,1.136,1.124,1.068,1.858,1.712,1.94
0,thii/FontAwesome.swift,Swift,80,4731,50,2665,6.912,6.361,5.245,4.996,4.287,5.288
0,SimonFairbairn/SwiftyMarkdown,Swift,18,335,10,1861,2.023,1.923,1.545,3.184,3.319,3.246
0,marty-suzuki/SAHistoryNavigationViewController,Swift,35,16528,6,737,2.013,1.936,1.621,4.974,4.733,5.707
0,MxABC/swiftScan,Swift,19,492,13,1776,2.677,2.535,2.226,3.459,3.096,4.212
0,RxSwiftCommunity/RxKeyboard,Swift,41,192,23,1884,2.742,2.608,2.14,4.559,3.694,5.037
0,Finb/V2ex-Swift,Swift,18,23997,10,1910,1.839,1.761,1.456,3.499,3.948,3.484
0,kciter/Floaty,Swift,77,8712,48,2289,3.505,3.268,2.65,7.201,6.909,7.54
0,jogendra/LoadingShimmer,Swift,21,921,3,537,1.287,1.262,1.162,1.112,1.154,1.131
0,sudeepag/SAConfettiView,Swift,5,74,6,879,1.835,1.766,1.726,1.275,1.227,1.129
0,tidwall/SwiftWebSocket,Swift,15,4684,12,1414,1.665,1.607,1.345,2.206,1.745,2.613
0,maxkonovalov/MKRingProgressView,Swift,14,1092,12,2119,3.28,3.071,2.713,3.691,3.954,3.778
0,thoughtbot/Tropos,Swift,123,18916,21,1652,3.378,3.228,2.849,7.521,6.997,6.717
0,kishikawakatsumi/IBPCollectionViewCompositionalLayout,Swift,108,11271,7,547,1.681,1.617,1.37,4.507,4.146,5.307
0,marmelroy/FileBrowser,Swift,6,2875,8,590,1.936,1.847,1.536,1.607,1.642,1.639
0,BalestraPatrick/WhatsNew,Swift,16,376,10,571,2.362,2.295,2.004,3.588,3.562,3.593
0,janselv/fave-button,Swift,5,2579,4,944,1.249,1.225,1.219,1.958,1.917,2.2
0,Zewo/Venice,Swift,21,1498,12,776,3.576,3.345,2.804,3.083,2.693,2.898
0,JohnSundell/Codextended,Swift,7,70,6,37,1.393,1.362,1.208,1.906,1.95,1.988
0,VideoFlint/Cabbage,Swift,9,28707,8,1246,2.032,1.938,1.542,2.446,2.662,2.192
0,Nonchalant/AppIcon,Swift,44,1967,6,2081,1.292,1.272,1.244,4.576,4.584,5.258
0,sindresorhus/LaunchAtLogin,Swift,9,6774,9,1090,1.183,1.175,1.118,1.813,1.884,1.693
0,steve228uk/MessengerKit,Swift,14,2986,12,688,1.679,1.634,1.563,3.011,2.932,2.642
0,zhangao0086/DKImagePickerController,Swift,111,19377,46,2902,4.545,4.202,3.226,6.002,4.83,6.22
0,orazz/CreditCardForm-iOS,Swift,7,6848,4,1232,1.321,1.292,1.207,1.13,1.115,1.068
0,melvitax/DateHelper,Swift,40,771,37,2673,7.074,6.482,5.217,2.281,2.143,2.189
0,mssun/passforios,Swift,168,44052,24,2348,2.809,2.704,2.255,9.852,10.581,11.076
0,lbrndnr/ImagePickerSheetController,Swift,11,18128,9,1577,2.284,2.161,1.847,1.783,1.718,1.781
0,dsmelov/simsim,Swift,28,24511,15,2469,3.064,2.901,2.65,3.093,2.903,3.146
0,woshiccm/Pecker,Swift,30,3704,13,856,2.577,2.421,2.054,4.726,4.409,5.519
0,nmdias/DefaultsKit,Swift,7,83,7,1157,1.534,1.484,1.318,1.575,1.661,1.631
0,tmdvs/TDBadgedCell,Swift,35,1676,31,5158,2.28,2.177,1.851,5.312,5.747,5.822
0,SwiftValidatorCommunity/SwiftValidator,Swift,46,1221,25,1742,2.416,2.352,2.199,5.311,4.971,4.482
0,Khan/SwiftTweaks,Swift,55,9481,25,2317,2.8,2.734,2.518,5.784,5.961,6.271
0,IdleHandsApps/IHKeyboardAvoiding,Swift,9,13048,8,1620,1.775,1.702,1.435,2.267,2.151,2.311
0,GEOSwift/GEOSwift,Swift,23,2218,24,1996,3.798,3.653,3.307,1.802,1.659,1.746
0,simibac/ConfettiSwiftUI,Swift,13,20281,9,955,2.055,1.959,1.782,2.531,2.368,2.556
0,igorkulman/iOSLocalizationEditor,Swift,58,3332,24,1718,2.243,2.146,1.804,6.052,5.99,5.315
0,zoonooz/ZFRippleButton,Swift,8,524,6,841,1.524,1.488,1.505,2.103,2.24,1.954
0,typelift/SwiftCheck,Swift,143,1630,30,2466,5.258,4.849,3.648,11.317,10.081,12.364
0,dduan/Just,Swift,27,2513,15,1629,2.793,2.619,2.234,2.573,2.717,2.61
0,shu223/Pulsator,Swift,14,213,9,1451,1.766,1.692,1.538,2.454,2.43,2.448
0,EndouMari/TabPageViewController,Swift,20,197,6,2126,2.823,2.723,2.545,3.29,3.199,3.209
0,kazuhiro4949/PagingKit,Swift,68,1292,12,1863,1.919,1.83,1.639,7.991,8.35,8.312
0,emreozdil/Swift-Daily-Tips,Swift,105,24986,10,97,2.195,2.092,2.047,15.844,16.393,19.815
0,Yalantis/ColorMatchTabs,Swift,18,8656,11,1350,2.586,2.466,2.375,3.533,3.087,3.238
0,kevinzhow/PNChart-Swift,Swift,14,401,7,3514,1.181,1.171,1.121,2.162,2.174,2.485
0,sindresorhus/Settings,Swift,19,7340,16,905,1.416,1.402,1.3,3.716,3.5,3.954
0,SwiftyJSON/Alamofire-SwiftyJSON,Swift,21,47,11,1655,2.648,2.564,2.212,2.807,2.696,3.054
0,drmohundro/SWXMLHash,Swift,82,1000,37,2079,2.041,1.96,2.112,5.739,5.012,6.627
0,LeonardoCardoso/SwiftLinkPreview,Swift,27,13457,20,1594,3.288,3.088,2.719,3.502,2.965,3.759
0,imaginary-cloud/CameraManager,Swift,47,4930,32,2014,3.078,2.948,2.407,5.395,5.481,5.773
0,Nicejinux/NXDrawKit,Swift,9,1296,9,1562,2.016,1.941,1.758,1.733,1.703,1.729
0,RxSwiftCommunity/RxGesture,Swift,43,2348,36,1611,3.61,3.432,2.733,3.898,3.686,3.784
0,Cosmo/OpenSwiftUI,Swift,14,110,3,53,1.055,1.051,1.038,3.272,3.413,3.034
0,younatics/YNDropDownMenu,Swift,12,13687,9,718,1.477,1.46,1.364,1.847,1.927,1.825
0,apptekstudios/ASCollectionView,Swift,65,13997,19,895,2.393,2.261,1.882,6.228,5.512,7.081
0,JoniVR/VerticalCardSwiper,Swift,15,1780,7,1260,2.117,2.021,1.706,4.222,4.435,4.031
0,Nike-Inc/Willow,Swift,29,522,11,2632,2.103,1.998,1.68,3.78,3.026,4.177
0,ortuman/SwiftForms,Swift,25,5959,19,2326,3.125,2.925,2.462,2.975,2.664,2.777
0,psharanda/Atributika,Swift,18,877,14,2782,3.036,2.837,2.566,1.039,1.027,1.051
0,uraimo/SwiftyGPIO,Swift,45,985,25,2875,2.137,2.033,2.055,5.967,5.817,5.58
0,Nirma/UIFontComplete,Swift,33,132,9,1862,2.402,2.276,1.901,2.849,2.69,2.926
0,yoavlt/LiquidLoader,Swift,10,13631,12,1654,2.14,2.06,1.696,2.045,2.014,1.885
0,emaloney/CleanroomLogger,Swift,8,10057,8,1621,2.866,2.767,2.333,2.143,2.149,2.068
0,SteveBarnegren/TweenKit,Swift,9,440,4,1291,1.331,1.302,1.282,2.162,2.041,1.826
0,hatashiro/kawa,Swift,5,1580,7,2333,1.835,1.753,1.478,1.441,1.409,1.566
0,mikaoj/BSImagePicker,Swift,63,10186,35,3606,4.256,3.939,3.228,3.005,2.943,3.045
0,swiftgif/SwiftGif,Swift,16,3999,17,2260,4.412,4.089,3.134,2.994,2.822,2.904
0,BenEmdon/CenteredCollectionView,Swift,21,23132,11,1240,2.917,2.734,2.029,2.213,2.185,2.075
0,yannickl/QRCodeReader.swift,Swift,30,2296,19,2402,2.251,2.134,1.874,5.265,4.654,5.233
0,ra1028/Former,Swift,27,875,17,1629,2.784,2.65,2.317,3.805,4.058,3.776
0,amitburst/HackerNews,Swift,7,573,6,914,1.498,1.452,1.25,1.298,1.42,1.301
0,hollance/CoreMLHelpers,Swift,5,975,6,1073,1.918,1.836,1.615,1.617,1.437,1.79
0,attaswift/BTree,Swift,5,2131,2,1196,0.999,1.0,1.0,1.001,1.001,1.001
0,ClintJang/awesome-swift-korean-lecture,Swift,5,386,6,1880,1.65,1.588,1.461,1.948,1.783,2.004
0,devxoul/RxTodo,Swift,10,190,6,1162,1.489,1.458,1.312,3.138,3.151,3.067
0,RxSwiftCommunity/RxSwiftExt,Swift,102,851,52,1624,2.904,2.864,2.655,7.72,7.707,7.171
0,pointfreeco/swift-tagged,Swift,31,148,15,682,2.184,2.105,1.759,3.143,2.748,3.104
0,whitesmith/WSTagsField,Swift,47,269,26,1878,2.822,2.647,2.378,4.168,3.705,4.225
0,exyte/ActivityIndicatorView,Swift,9,3914,7,1348,2.043,1.979,2.012,1.389,1.365,1.369
0,luosheng/OpenSim,Swift,24,376,14,1594,3.032,2.846,2.512,4.304,4.095,4.659
0,vapor/fluent,Swift,207,4430,62,1851,5.962,5.506,4.484,4.461,3.452,4.524
0,aschuch/AwesomeCache,Swift,26,153,18,971,3.56,3.321,2.544,2.902,2.942,2.981
0,efremidze/Cluster,Swift,29,6175,9,1962,2.165,2.055,1.671,3.951,3.654,3.727
0,yysskk/SwipeMenuViewController,Swift,28,338,12,1004,2.989,2.81,2.246,4.524,4.837,4.443
0,JiriTrecak/Laurine,Swift,17,690,8,734,1.705,1.642,1.42,3.284,3.242,3.528
0,Yalantis/PullToRefresh,Swift,12,200,33,1785,4.171,4.021,3.312,2.361,2.291,2.147
0,venmo/Static,Swift,75,538,29,2308,3.483,3.417,2.871,6.635,6.324,7.014
0,PiXeL16/RevealingSplashView,Swift,17,19703,11,2355,2.139,2.039,1.637,3.435,3.441,3.767
0,exyte/ConcentricOnboarding,Swift,8,15922,10,1619,1.848,1.816,1.601,1.104,1.093,1.104
0,carson-katri/reddit-swiftui,Swift,10,933,4,390,1.342,1.362,1.356,2.429,2.646,2.314
0,MarioIannotta/PullUpController,Swift,11,5156,9,851,2.235,2.121,1.898,2.507,2.629,2.226
0,TakeScoop/SwiftyRSA,Swift,36,5139,26,3167,5.26,4.855,3.738,3.842,3.592,4.188
0,Flight-School/AnyCodable,Swift,22,97,15,1643,2.155,2.095,1.73,3.308,2.663,3.699
0,juanpablofernandez/SwiftyOnboard,Swift,6,2390,5,1676,1.336,1.323,1.311,2.269,2.459,2.218
0,yeahdongcn/UIColor-Hex-Swift,Swift,28,187,24,2980,3.441,3.216,2.574,2.299,2.128,2.072
0,DeclarativeHub/ReactiveKit,Swift,64,986,24,2310,3.03,2.848,2.459,2.341,2.157,2.579
0,ProfileCreator/ProfileCreator,Swift,9,21826,6,2684,2.118,2.117,2.124,1.619,1.623,1.582
0,slazyk/Observable-Swift,Swift,6,106,5,670,1.898,1.815,1.636,1.507,1.489,1.553
0,JiongXing/PhotoBrowser,Swift,19,29686,9,2393,2.345,2.215,1.892,3.089,2.821,3.108
0,radex/SwiftyTimer,Swift,8,87,10,1256,2.428,2.306,1.77,2.046,2.069,1.89
0,GitHawkApp/StyledTextKit,Swift,38,3326,8,522,1.911,1.855,1.578,3.0,2.743,3.014
0,marcosgriselli/Sizes,Swift,13,3101,5,453,1.239,1.218,1.117,2.794,2.846,2.736
0,sahin/VideoSplashKit,Swift,11,4550,12,803,2.295,2.189,1.873,1.233,1.271,1.269
0,wulkano/Aperture,Swift,23,127,7,1281,1.159,1.154,1.111,4.581,4.604,4.895
0,gordontucker/FittedSheets,Swift,24,23358,28,727,1.408,1.382,1.429,1.304,1.259,1.252
0,Lision/WKWebViewJavascriptBridge,Swift,8,481,5,1433,1.808,1.729,1.46,2.292,2.51,2.46
0,jeantimex/ios-swift-collapsible-table-section,Swift,13,5367,3,1172,1.147,1.136,1.1,3.124,2.888,3.505
0,UrbanApps/Armchair,Swift,38,3320,23,1869,3.847,3.58,2.959,2.7,2.465,2.685
0,mischa-hildebrand/AlignedCollectionViewFlowLayout,Swift,5,445,5,921,1.397,1.372,1.39,1.36,1.41,1.266
0,krzysztofzablocki/Difference,Swift,22,2760,14,1914,2.186,2.231,2.133,2.862,2.67,3.059
0,arturdev/AMSlideMenu2,Swift,7,5211,6,682,1.592,1.541,1.351,1.879,1.745,1.463
0,andreamazz/SubtleVolume,Swift,9,1185,8,740,1.328,1.299,1.313,2.109,2.244,2.2
0,fulldecent/FDWaveformView,Swift,37,4655,22,2921,3.009,2.875,2.632,1.666,1.604,1.644
0,ReactKit/ReactKit,Swift,23,1131,3,267,1.352,1.318,1.228,4.629,4.495,5.044
0,younatics/YNSearch,Swift,5,6384,5,275,1.281,1.254,1.228,1.597,1.622,1.383
0,nsomar/Swiftline,Swift,14,2973,11,730,2.553,2.416,2.237,1.653,1.623,1.665
0,freshOS/KeyboardLayoutGuide,Swift,18,6070,11,1525,2.458,2.329,1.838,2.63,2.521,2.802
0,halo/LinkLiar,Swift,5,5342,3,3296,1.426,1.385,1.369,1.025,1.031,1.021
0,didierbrun/DBPathRecognizer,Swift,7,565,7,2674,2.612,2.703,3.058,1.279,1.233,1.376
0,marmelroy/Format,Swift,7,134,6,131,2.146,2.037,1.651,1.7,1.365,2.085
0,kaandedeoglu/KDCircularProgress,Swift,24,1822,17,2975,2.62,2.469,2.511,3.043,2.877,3.36
0,fermoya/SwiftUIPager,Swift,72,39913,20,667,3.283,3.062,2.843,6.119,5.177,5.892
0,krzyzanowskim/Natalie,Swift,55,7905,24,1309,2.396,2.295,2.133,4.987,4.927,4.886
0,segecey/SwiftIconFont,Swift,41,2708,30,2470,4.838,4.487,4.273,3.527,3.116,3.075
0,teodorpatras/SideMenuController,Swift,8,9692,5,1328,1.835,1.755,1.604,1.182,1.258,1.185
0,mkoehnke/WKZombie,Swift,33,2647,6,826,1.756,1.689,1.428,5.259,5.018,6.25
0,tomvanzummeren/TZStackView,Swift,14,479,13,285,2.652,2.502,2.298,2.133,2.127,1.863
0,nmdias/FeedKit,Swift,33,1066,20,2335,4.053,3.756,3.115,2.661,2.367,3.003
0,nsomar/Guaka,Swift,47,271,8,1071,2.05,1.995,1.813,7.669,6.81,8.037
0,badrinathvm/StepperView,Swift,70,22805,7,1394,1.808,1.731,1.63,7.106,5.035,8.265
0,kostiakoval/WatchKit-Apps,Swift,16,4577,3,748,1.103,1.094,1.096,2.157,1.997,2.123
0,candostdagdeviren/CDAlertView,Swift,11,1354,5,1505,1.436,1.403,1.264,2.466,2.31,2.479
0,apasccon/SearchTextField,Swift,14,13461,14,1129,1.217,1.198,1.21,1.931,2.037,2.065
0,ArtSabintsev/FontBlaster,Swift,22,15736,12,2879,2.336,2.207,1.82,2.318,2.206,1.966
0,kentya6/KYCircularProgress,Swift,7,8837,6,1462,2.013,1.915,1.807,1.642,1.644,1.678
0,kakaopensource/KakaJSON,Swift,11,322,4,23,1.269,1.274,1.235,1.017,1.024,1.021
0,AvdLee/CombineSwiftPlayground,Swift,7,1056,4,449,1.619,1.588,1.42,1.803,1.634,1.846
0,Lickability/PinpointKit,Swift,95,16865,18,1848,3.497,3.44,3.156,6.187,6.072,7.22
0,RxSwiftCommunity/RxRealm,Swift,50,21740,35,1686,3.899,3.649,2.767,5.458,4.91,5.527
0,rockbruno/SwiftInfo,Swift,33,2917,8,949,1.56,1.51,1.37,4.877,4.118,5.416
0,onevcat/Hedwig,Swift,5,279,5,157,1.135,1.123,1.072,1.34,1.419,1.283
0,pointfreeco/swift-overture,Swift,37,166,16,839,2.45,2.334,1.885,5.655,5.418,5.885
0,benjaminmayo/merchantkit,Swift,11,42039,9,1409,1.586,1.53,1.324,2.464,1.976,2.724
0,bignerdranch/Freddy,Swift,91,1508,29,1164,3.698,3.566,3.182,4.458,4.236,4.974
0,dgurkaynak/Penc,Swift,8,10683,6,1604,1.426,1.385,1.295,2.636,2.753,2.299
0,davdroman/Popsicle,Swift,7,1849,3,1008,1.331,1.315,1.209,1.914,1.782,1.51
0,schmidyy/Loaf,Swift,7,119,5,630,1.402,1.363,1.204,1.497,1.512,1.346
0,dmytro-anokhin/url-image,Swift,18,1391,1,587,0.5,0.5,0.5,1.415,1.333,1.476
0,nathantannar4/InputBarAccessoryView,Swift,59,6294,22,2195,3.46,3.28,3.049,2.784,2.396,2.048
0,cesarferreira/SwiftEventBus,Swift,17,155,11,2230,1.519,1.48,1.32,1.78,1.887,1.719
0,neoneye/SwiftyFORM,Swift,10,1602,7,2057,1.668,1.606,1.33,2.63,2.754,2.616
0,JensRavens/Interstellar,Swift,25,223,24,1366,2.753,2.592,2.167,1.836,1.729,2.05
0,steamclock/bluejay,Swift,58,18053,12,1795,2.665,2.688,2.732,4.931,4.349,4.328
0,krzysztofzablocki/KZFileWatchers,Swift,12,2274,11,1978,1.718,1.674,1.474,2.729,2.71,2.697
0,shu223/watchOS-2-Sampler,Swift,5,1358,3,123,1.264,1.25,1.179,2.022,1.956,2.214
0,devxoul/SwiftyImage,Swift,16,84,3,1712,1.183,1.165,1.083,2.908,2.652,2.946
0,joshaber/Few.swift,Swift,66,1404,2,345,0.999,1.0,1.0,7.561,6.457,7.753
0,efremidze/VisualEffectView,Swift,14,7246,7,2615,1.615,1.555,1.305,4.028,3.704,3.693
0,totocaster/Typist,Swift,16,107,12,1572,2.248,2.141,1.994,2.137,2.138,2.229
0,antiguab/BATabBarController,Swift,31,3068,1,1429,0.5,0.5,0.5,3.031,2.595,2.919
0,cezheng/Fuzi,Swift,26,645,19,2797,1.587,1.555,1.606,2.214,2.021,2.481
0,artemgordinskiy/Spotifree,Swift,15,9174,9,1743,1.954,1.877,1.694,2.112,2.093,1.806
0,cats-oss/Sica,Swift,21,13096,3,579,1.525,1.558,1.609,2.745,2.534,2.511
0,KennethTsang/GrowingTextView,Swift,13,1064,8,1912,2.397,2.267,1.924,3.91,4.089,4.125
0,WeTransfer/Mocker,Swift,83,1084,28,2421,2.909,2.749,2.245,6.315,7.177,6.595
0,kciter/GlitchLabel,Swift,6,6840,7,2433,1.766,1.691,1.429,2.359,2.471,2.128
0,Anviking/Decodable,Swift,53,663,17,817,2.629,2.482,2.219,5.516,4.444,5.709
0,gpbl/SwiftChart,Swift,20,274,14,1444,1.836,1.759,1.619,2.53,2.39,2.328
0,wickwirew/Runtime,Swift,44,987,18,2204,2.851,2.682,2.229,5.218,4.865,5.029
0,toineheuvelmans/Metron,Swift,6,2047,3,705,1.031,1.029,1.033,1.16,1.17,1.148
0,tristanhimmelman/HidingNavigationBar,Swift,16,2833,12,1045,2.367,2.24,1.931,2.774,2.683,2.613
0,NoTests/RxFeedback.swift,Swift,13,451,11,1364,2.642,2.511,2.085,2.864,3.012,2.996
0,skywinder/GaugeKit,Swift,19,9540,13,1649,1.868,1.789,1.594,3.922,3.101,4.057
0,romansorochak/ParallaxHeader,Swift,6,9437,7,952,2.552,2.401,2.035,1.545,1.616,1.665
0,CombineCommunity/RxCombine,Swift,7,936,7,467,1.639,1.592,1.41,1.719,1.637,1.661
0,scihant/CTPanoramaView,Swift,6,3435,8,1667,1.933,1.89,1.819,1.651,1.683,1.651
0,kareman/SwiftShell,Swift,29,3238,11,2222,2.801,2.624,2.034,4.898,4.54,4.25
0,delba/JASON,Swift,8,904,10,503,2.044,1.941,1.663,1.472,1.564,1.535
0,danger/swift,Swift,363,2272,66,2278,3.265,3.1,2.579,10.522,8.0,7.024
0,bryx-inc/BRYXBanner,Swift,28,845,27,2941,2.822,2.679,2.27,3.196,2.996,2.801
0,jogendra/example-ios-apps,Swift,97,151,48,1886,4.018,3.729,3.04,20.633,15.597,26.743
0,FabrizioBrancati/BFKit-Swift,Swift,22,25468,12,1378,1.928,1.84,1.876,3.244,2.94,3.325
0,tadija/AEXML,Swift,26,346,26,2505,3.234,3.017,2.541,3.327,3.613,3.81
0,ivanvorobei/SPLarkController,Swift,6,4706,6,555,1.566,1.515,1.289,1.374,1.504,1.443
0,cocoatoucher/AIFlatSwitch,Swift,8,139,6,1448,1.156,1.153,1.17,2.003,1.803,1.762
0,MakeAWishFoundation/SwiftyMocky,Swift,24,25710,26,1818,5.222,4.852,4.163,3.184,2.723,3.339
0,kaishin/ImageScout,Swift,7,1066,5,1197,1.527,1.514,1.498,1.936,1.788,1.89
0,GitHawkApp/ContextMenu,Swift,25,239,9,449,1.969,1.91,1.598,5.223,4.846,5.824
0,steipete/InterposeKit,Swift,16,5724,8,329,1.906,1.819,1.425,1.425,1.398,1.464
0,mac-gallagher/MultiProgressView,Swift,29,2076,1,738,0.5,0.5,0.5,4.192,3.885,4.013
0,AliSoftware/Dip,Swift,25,1818,15,1544,1.676,1.628,1.448,5.924,5.63,5.709
0,DroidsOnRoids/RxSwiftExamples,Swift,5,166,5,590,1.181,1.165,1.11,1.84,1.962,1.69
0,wangshengjia/LeeGo,Swift,7,3066,6,925,1.379,1.343,1.181,1.706,1.713,1.75
0,suzuki-0000/CountdownLabel,Swift,12,4162,10,2238,2.278,2.193,2.099,2.522,2.37,2.627
0,spacenation/swiftui-grid,Swift,40,27691,3,470,1.575,1.519,1.426,3.5,3.246,3.843
0,iltercengiz/ICViewPager,Swift,16,177,7,536,1.668,1.652,1.709,2.575,2.24,2.81
0,ennioma/arek,Swift,51,5245,13,694,3.219,3.008,2.769,4.644,4.534,4.033
0,fastred/IBAnalyzer,Swift,11,533,5,465,1.826,1.745,1.511,1.615,1.39,1.637
0,KyoheiG3/DynamicBlurView,Swift,15,411,10,2357,2.41,2.279,2.022,3.625,3.355,3.572
0,IBDecodable/IBLinter,Swift,111,16486,25,1573,3.842,3.596,2.774,7.143,5.769,6.143
0,fruitcoder/ReplaceAnimation,Swift,5,38425,4,1708,1.502,1.453,1.303,1.019,1.011,1.028
0,naoyashiga/Dunk,Swift,7,4498,5,427,1.733,1.67,1.52,1.358,1.278,1.492
0,insanoid/SwiftyJSONAccelerator,Swift,23,4584,11,2571,2.254,2.137,2.097,3.796,3.628,3.819
0,indragiek/DominantColor,Swift,22,1769,14,3053,2.574,2.435,2.117,4.138,3.995,4.186
0,krzysztofzablocki/LinkedConsole,Swift,17,556,13,153,2.436,2.506,2.47,2.583,2.617,2.517
0,wokalski/Diff.swift,Swift,30,252,9,571,2.608,2.48,2.291,2.821,2.769,2.772
0,izqui/Taylor,Swift,17,19323,8,602,2.385,2.295,1.975,2.217,2.052,1.938
0,GraphQLSwift/GraphQL,Swift,56,776,20,2132,2.407,2.413,2.236,5.992,6.075,6.572
0,gabrieloc/GIOVANNI,Swift,8,6925,1,809,0.5,0.5,0.5,2.507,2.72,2.47
0,gmertk/GMStepper,Swift,10,1086,9,3095,1.822,1.776,1.523,2.622,2.957,2.708
0,krisk/fuse-swift,Swift,16,120,12,1122,2.778,2.615,2.161,4.159,3.983,3.919
0,pointfreeco/episode-code-samples,Swift,26,17171,19,851,2.459,2.338,1.86,3.112,3.017,3.259
0,soffes/RateLimit,Swift,12,123,9,1799,1.931,1.851,1.545,1.831,1.722,1.67
0,jariz/Noti,Swift,6,1415,6,1195,1.676,1.633,1.563,1.12,1.116,1.114
0,ArtSabintsev/Zephyr,Swift,24,11702,13,2849,3.188,2.977,2.182,2.928,2.749,2.926
0,Flight-School/Money,Swift,6,167,3,1026,1.299,1.27,1.138,1.924,1.707,2.08
0,twostraws/CodeScanner,Swift,8,123,37,180,4.493,4.38,3.453,1.598,1.723,1.617
0,dmrschmidt/DSWaveformImage,Swift,6,13925,12,2394,2.565,2.421,2.179,1.681,1.559,1.847
0,matteopuc/swiftui-navigation-stack,Swift,11,1096,8,426,2.125,2.031,1.618,1.998,1.989,1.99
0,ReactKit/SwiftState,Swift,10,429,16,306,2.529,2.388,1.837,2.087,2.065,2.057
0,WeTransfer/Diagnostics,Swift,87,4070,17,1554,2.255,2.151,1.708,5.923,5.564,6.339
0,ProcedureKit/ProcedureKit,Swift,35,12093,30,1377,4.183,3.876,2.521,7.86,7.281,7.164
0,exyte/ScalingHeaderScrollView,Swift,18,30782,10,901,2.023,2.011,1.921,2.832,2.921,2.826
0,raphaelhanneken/iconizer,Swift,10,8133,9,2335,2.167,2.056,1.96,1.078,1.076,1.086
0,swiftcsv/SwiftCSV,Swift,49,318,26,3387,3.312,3.221,3.028,4.616,3.531,4.837
0,turbolinks/turbolinks-ios,Swift,33,419,10,2006,2.137,2.153,2.052,4.99,4.87,5.533
0,jcavar/refresher,Swift,7,1178,4,1123,1.39,1.355,1.216,2.321,2.255,2.373
0,RxSwiftCommunity/Action,Swift,107,898,46,2885,3.231,3.179,2.953,12.106,10.659,11.465
0,CosmicMind/Graph,Swift,25,33755,8,190,1.492,1.554,1.665,3.263,2.871,3.656
0,louisdh/savannakit,Swift,9,8711,4,175,1.166,1.155,1.098,2.241,2.376,2.28
0,bevy/photo-editor,Swift,20,5163,8,950,1.678,1.621,1.479,2.44,2.246,2.528
0,ergunemr/BottomPopup,Swift,6,227,6,1096,2.194,2.082,2.049,1.492,1.444,1.429
0,CodySchrank/gSwitch,Swift,8,21734,8,1077,2.259,2.141,2.072,1.588,1.556,1.551
0,jpsim/PeerKit,Swift,10,59,7,726,1.635,1.596,1.54,2.204,1.975,2.338
0,seedco/StackViewController,Swift,37,830,10,2003,2.667,2.598,2.497,5.432,5.251,5.739
0,ra1028/RAReorderableLayout,Swift,14,40863,9,706,2.039,1.961,1.685,1.323,1.285,1.248
0,cpisciotta/xcbeautify,Swift,33,5235,45,1198,5.979,5.636,4.297,4.682,3.833,5.31
0,migueldeicaza/SwiftTerm,Swift,39,3631,16,668,3.768,3.511,2.708,2.832,2.838,2.389
0,gilesvangruisen/Swift-YouTube-Player,Swift,25,103,11,1983,2.009,1.923,1.545,3.084,2.889,2.829
0,ruddfawcett/Notepad,Swift,24,328,16,1283,3.324,3.189,2.886,3.14,2.976,2.85
0,dgraham/Ka-Block,Swift,62,4437,17,2435,1.485,1.465,1.443,3.186,3.437,3.103
0,mac-gallagher/Shuffle,Swift,76,16756,7,615,2.195,2.078,1.723,3.226,3.218,3.346
0,cxa/MenuItemKit,Swift,7,707,5,1169,1.63,1.574,1.425,1.752,1.683,1.905
0,valentinjahanmanesh/loady,Swift,6,14124,4,1375,1.327,1.3,1.189,1.345,1.282,1.166
0,naru-jpn/View2ViewTransition,Swift,12,12676,6,828,1.779,1.705,1.468,2.95,2.667,3.233
0,JohnSundell/ShellOut,Swift,19,59,11,1135,2.46,2.331,1.908,4.068,3.979,4.352
0,pointfreeco/swift-case-paths,Swift,6,678,16,99,3.605,3.368,2.367,1.4,1.345,1.299
0,markohlebar/Import,Swift,13,5599,3,2016,1.508,1.511,1.426,2.672,2.731,2.862
0,davedelong/DDMathParser,Swift,19,962,14,3568,2.051,1.953,1.741,1.584,1.468,1.541
0,Esqarrouth/EZSwipeController,Swift,11,4228,10,1792,1.545,1.512,1.594,2.87,2.635,3.137
0,railsware/Sleipnir,Swift,7,1602,5,657,1.499,1.49,1.391,1.703,1.663,1.6
0,jkpang/PPBadgeView,Swift,7,1412,6,544,1.741,1.683,1.392,1.627,1.426,1.842
0,jakeheis/SwiftCLI,Swift,34,2340,21,2607,3.238,3.02,2.531,4.943,4.802,5.069
0,freshOS/Networking,Swift,19,210,12,1384,2.548,2.406,1.872,3.715,3.238,4.407
0,AndreyPanov/ApplicationCoordinator,Swift,19,450,6,1311,1.512,1.462,1.368,3.773,3.44,3.892
0,nickoneill/Pantry,Swift,27,139,15,446,2.857,2.717,2.261,4.02,3.967,3.935
0,belozierov/SwiftCoroutine,Swift,10,4155,3,555,1.259,1.235,1.143,1.637,1.545,1.678
0,ThasianX/ElegantTimeline-SwiftUI,Swift,11,4352,2,64,0.999,1.0,1.0,2.662,2.384,3.002
0,thoughtbot/Runes,Swift,58,252,13,1960,2.811,2.637,2.206,7.697,6.631,8.485
0,exyte/ReadabilityKit,Swift,8,19642,9,2416,1.612,1.586,1.491,1.87,1.75,2.102
0,cocoacontrols/SemanticUI,Swift,6,916,6,1357,1.428,1.393,1.264,1.622,1.583,1.587
0,honghaoz/Ji,Swift,12,509,4,1525,1.219,1.199,1.119,3.098,2.894,3.145
0,rushisangani/BiometricAuthentication,Swift,6,322,5,695,1.519,1.5,1.565,1.763,1.855,1.87
0,frzi/swiftui-router,Swift,5,4801,7,401,2.751,2.58,2.32,1.264,1.212,1.119
0,inamiy/SwiftRewriter,Swift,14,128,4,299,1.576,1.52,1.416,2.573,2.903,2.753
0,yenom/BitcoinKit,Swift,68,5629,14,601,2.455,2.334,1.85,2.17,2.109,2.418
0,pointfreeco/swift-nonempty,Swift,16,96,13,725,2.065,1.974,1.615,4.112,3.523,4.364
0,saidsikira/Overdrive,Swift,5,1872,6,281,1.95,1.868,1.782,1.332,1.302,1.278
0,agens-no/swiff,Swift,13,33,8,1357,1.206,1.2,1.189,3.316,3.139,2.613
0,HHK1/PryntTrimmerView,Swift,16,18178,11,1657,1.792,1.721,1.493,4.28,4.027,3.792
0,plu/pxctest,Swift,6,1430,4,222,1.33,1.299,1.275,2.375,2.4,2.25
0,MoZhouqi/KMPlaceholderTextView,Swift,9,200,9,2076,2.671,2.512,2.004,2.777,2.864,2.82
0,mcmatan/ImageOpenTransition,Swift,5,490,4,661,1.223,1.207,1.128,1.565,1.688,1.662
0,osteslag/Changeset,Swift,26,550,15,1511,2.118,2.026,1.77,3.448,3.387,3.337
0,nicklockwood/Expression,Swift,8,684,9,2341,1.988,1.893,1.471,1.736,1.738,1.577
0,soffes/Clock.saver,Swift,6,196,6,2595,1.491,1.444,1.248,1.017,1.022,1.015
0,ikesyo/Himotoki,Swift,135,377,10,1417,1.776,1.701,1.816,7.103,6.696,8.351
0,Gradients/Gradients,Swift,13,1451,6,1508,1.582,1.531,1.427,2.661,2.37,2.605
0,shima11/FlexiblePageControl,Swift,13,29327,7,2352,1.471,1.429,1.266,2.822,3.487,2.958
0,ranesr/SwiftIcons,Swift,11,6627,6,921,1.625,1.57,1.551,2.689,2.864,2.768
0,radianttap/CardPresentationController,Swift,5,12070,3,83,1.37,1.339,1.219,1.123,1.108,1.159
0,efremidze/Shiny,Swift,5,1310,1,1722,0.5,0.5,0.5,1.943,1.855,1.975
0,ipraba/EPSignature,Swift,9,371,9,921,2.181,2.076,1.814,1.364,1.334,1.428
0,weitieda/bottom-sheet,Swift,8,4224,8,930,1.735,1.677,1.703,2.841,2.823,2.619
0,rundfunk47/stinsen,Swift,28,1876,17,934,2.752,2.596,2.377,3.566,3.186,3.36
0,ThasianX/ElegantCalendar,Swift,10,31293,3,853,1.365,1.33,1.309,1.91,1.899,1.945
0,Esqarrouth/QorumLogs,Swift,21,105,13,592,1.713,1.676,1.775,2.486,2.424,2.47
0,arn00s/cariocamenu,Swift,9,6919,1,1055,0.5,0.5,0.5,2.099,2.165,1.885
0,ekazaev/ChatLayout,Swift,9,17284,2,1191,0.999,1.0,1.0,1.677,1.528,1.812
0,Alecrim/AlecrimCoreData,Swift,9,15487,18,853,2.693,2.53,1.975,2.363,2.396,2.251
0,babylonhealth/DrawerKit,Swift,44,12745,7,616,2.487,2.416,2.28,5.243,4.425,5.172
0,draveness/NightNight,Swift,10,14787,9,1067,1.336,1.307,1.179,2.94,3.019,3.22
0,bvogelzang/SevenSwitch,Swift,13,1141,11,839,1.82,1.773,1.543,1.356,1.29,1.433
0,josejuanqm/VersaPlayer,Swift,16,5498,11,898,1.973,1.907,1.731,1.723,1.777,1.681
0,buildasaurs/Buildasaur,Swift,71,7013,11,478,2.526,2.379,2.15,4.023,3.465,4.34
0,avito-tech/Paparazzo,Swift,11,20247,11,1883,2.183,2.17,1.981,3.368,3.744,3.322
0,CoreOffice/XMLCoder,Swift,111,1685,32,810,5.086,4.753,3.46,11.431,10.262,11.582
0,prolificinteractive/Caishen,Swift,60,1349,12,960,1.504,1.498,1.4,5.273,4.927,5.305
0,Building42/Telegraph,Swift,11,1354,14,1454,1.614,1.557,1.486,2.284,2.423,2.359
0,jobandtalent/AnimatedTextInput,Swift,30,3314,20,962,3.202,3.015,2.379,2.611,2.265,2.509
0,loganwright/Genome,Swift,37,2348,14,837,2.478,2.339,2.239,3.265,3.16,3.753
0,younatics/ExpandableCell,Swift,25,5597,12,1693,1.654,1.636,1.663,5.051,4.837,5.039
0,devlucky/Kakapo,Swift,62,2061,8,519,1.535,1.525,1.61,5.446,4.642,4.166
0,FutureKit/FutureKit,Swift,41,1669,14,1016,2.033,1.939,1.76,3.402,2.822,3.704
0,Nirma/Attributed,Swift,52,119,15,1426,2.987,2.825,2.598,5.176,4.657,6.107
0,FortechRomania/ios-mvp-clean-architecture,Swift,10,299,6,1075,2.099,2.071,1.956,1.467,1.301,1.677
0,shoheiyokoyama/Koyomi,Swift,12,5886,6,482,1.437,1.401,1.414,2.159,2.039,2.242
0,efremidze/Haptica,Swift,10,720,5,1975,1.64,1.581,1.385,2.308,2.08,1.857
0,JanGorman/Agrume,Swift,248,2644,29,3179,1.849,1.825,1.663,6.092,6.327,6.464
0,arnoappenzeller/PiPifier,Swift,6,30146,5,136,1.78,1.724,1.647,1.448,1.49,1.511
0,bmoliveira/MarkdownKit,Swift,32,636,20,1829,5.402,5.145,4.246,3.976,3.633,4.237
0,yannickl/AwaitKit,Swift,15,274,11,1849,1.667,1.63,1.451,1.674,1.561,1.463
0,sgr-ksmt/PDFGenerator,Swift,31,939,10,1376,1.652,1.591,1.404,4.215,4.064,4.526
0,Vaberer/Font-Awesome-Swift,Swift,24,839,17,865,3.151,2.957,2.729,3.443,2.984,3.287
0,attaswift/BigInt,Swift,35,2416,22,2834,4.147,3.853,3.019,2.369,1.885,2.562
0,CSolanaM/SkeletonUI,Swift,12,1195,2,1579,0.999,1.0,1.0,2.279,2.327,2.212
0,aschuch/QRCode,Swift,12,165,5,589,1.82,1.742,1.697,2.851,2.959,2.983
0,congnd/FMPhotoPicker,Swift,20,4099,10,963,3.191,3.044,2.676,1.694,1.669,1.696
0,llvm-swift/LLVMSwift,Swift,197,7653,17,2327,3.579,3.356,2.868,5.454,4.69,4.936
0,DianQK/Flix,Swift,9,2378,3,352,1.029,1.027,1.015,2.003,1.951,2.141
0,Alamofire/AlamofireNetworkActivityIndicator,Swift,26,985,12,1519,2.192,2.089,1.7,3.925,3.21,3.569
0,JohnSundell/Wrap,Swift,20,603,12,699,1.448,1.41,1.261,1.779,1.528,2.061
0,bhlvoong/LBTATools,Swift,8,533,5,331,1.579,1.534,1.316,1.823,2.003,1.673
0,daisuke0131/ViewMonitor,Swift,15,14562,4,1960,1.095,1.088,1.098,2.736,2.437,2.702
0,pointfreeco/swift-html,Swift,40,305,14,1101,2.922,2.806,2.267,4.1,3.266,4.388
0,gkye/ComplimentaryGradientView,Swift,8,30224,2,758,0.999,1.0,1.0,1.668,1.606,1.684
0,spacenation/swiftui-sliders,Swift,22,3357,5,989,1.51,1.461,1.446,2.298,2.104,2.23
0,iCepa/iCepa,Swift,6,3446,6,2181,1.862,1.784,1.814,1.601,1.577,1.657
0,ishkawa/DataSourceKit,Swift,11,1283,2,39,0.999,1.0,1.0,2.649,2.5,3.015
0,owensd/json-swift,Swift,15,25755,10,850,1.714,1.649,1.378,2.065,2.044,2.127
0,costachung/neumorphic,Swift,6,2514,4,333,1.342,1.321,1.236,2.301,2.505,2.261
0,aataraxiaa/ScalingCarousel,Swift,27,16596,5,1473,1.673,1.608,1.519,4.135,3.802,4.628
0,carson-katri/swift-request,Swift,14,704,7,528,1.32,1.299,1.207,3.14,2.905,3.217
0,soyersoyer/SwCrypt,Swift,8,169,8,1471,1.492,1.448,1.401,2.173,1.76,2.591
0,Bouke/SwiftInitializerGenerator,Swift,5,1429,4,1065,1.806,1.739,1.621,1.827,1.87,1.939
0,vtourraine/AcknowList,Swift,26,1447,18,1981,2.694,2.533,2.357,2.065,2.042,1.786
0,radianttap/Coordinator,Swift,12,12684,8,1768,1.944,1.853,1.493,1.292,1.305,1.191
0,WorldDownTown/RangeSeekSlider,Swift,9,2963,6,753,1.177,1.16,1.186,1.643,1.651,1.694
0,BendingSpoons/tempura-swift,Swift,72,9289,26,1857,4.01,3.8,3.242,2.749,2.365,2.569
0,jimmyjose-dev/LocationManager,Swift,8,174,9,1895,1.886,1.8,1.604,2.099,2.093,1.653
0,delannoyk/AudioPlayer,Swift,24,520,10,1977,2.387,2.267,2.003,1.508,1.389,1.585
0,maustinstar/liquid,Swift,5,25375,5,511,1.111,1.103,1.078,1.832,1.958,2.025
0,troystribling/BlueCap,Swift,15,6911,8,1227,1.436,1.395,1.314,1.826,1.668,1.454
0,wxxsw/GSMessages,Swift,21,10752,11,2265,2.84,2.669,2.307,2.596,2.355,2.667
0,ayanonagon/Parsimmon,Swift,14,220,8,853,2.085,1.988,1.702,1.629,1.464,1.643
0,giulio92/GLTableCollectionView,Swift,14,12643,3,778,1.442,1.399,1.316,4.246,4.027,4.292
0,jamf/PPPC-Utility,Swift,36,6691,14,1956,2.121,2.187,2.333,4.192,3.795,4.248
0,maxsokolov/TableKit,Swift,51,1250,12,1638,1.863,1.779,1.611,5.933,5.046,6.245
0,AndyQ/NFCPassportReader,Swift,12,1594,14,1090,1.639,1.582,1.543,2.221,2.539,2.251
0,icanzilb/Timelane,Swift,5,3163,4,276,1.471,1.426,1.351,1.145,1.169,1.165
0,RxSwiftCommunity/RxOptional,Swift,39,263,27,1807,3.963,3.896,3.419,3.959,3.497,3.651
0,kukushi/SideMenu,Swift,15,7661,9,1994,1.686,1.626,1.488,2.932,2.724,3.152
0,utahiosmac/Marshal,Swift,55,805,13,2014,3.196,3.081,2.634,3.452,2.945,3.703
0,yeahdongcn/RSBarcodes_Swift,Swift,39,481,27,3226,3.529,3.293,2.867,4.176,3.899,4.199
0,Boris-Em/ARCharts,Swift,27,1957,3,43,1.461,1.51,1.587,5.217,5.293,4.927
0,blaise-io/acelink,Swift,16,17644,7,1721,1.857,1.774,1.733,1.841,1.758,1.645
0,zixun/CocoaChinaPlus,Swift,7,39204,5,258,1.699,1.645,1.514,1.158,1.25,1.19
0,xmartlabs/PagerTabStripView,Swift,71,21456,13,1159,3.33,3.251,3.201,4.505,4.155,4.867
0,AnyImageKit/AnyImageKit,Swift,90,7257,10,1572,2.035,2.028,1.971,5.405,5.687,4.841
0,sergdort/CombineFeedback,Swift,16,14434,6,605,2.295,2.171,2.032,2.334,2.274,2.141
0,RedMadRobot/figma-export,Swift,76,45258,28,1359,3.306,3.096,2.81,4.652,4.701,3.774
0,mojilala/YoutubeSourceParserKit,Swift,6,51,6,229,1.949,1.864,1.663,1.598,1.523,1.324
0,Boris-Em/ColorKit,Swift,7,6697,3,1022,1.157,1.142,1.164,2.006,2.252,2.25
0,thii/SwiftHEXColors,Swift,25,208,23,2793,3.438,3.209,2.492,3.101,2.923,2.635
0,mathewsanders/Mustard,Swift,8,140,3,500,1.376,1.339,1.361,3.243,3.114,3.417
0,alickbass/CodableFirebase,Swift,23,123,9,1010,2.199,2.231,2.18,3.745,3.197,3.607
0,pascalbros/PAPermissions,Swift,6,6406,3,1397,1.094,1.109,1.125,2.129,1.921,2.289
0,jnross/Bluetility,Swift,5,403,7,2215,2.225,2.106,2.015,1.698,1.912,1.699
0,orlandos-nl/MongoKitten,Swift,9,4604,29,273,3.788,3.552,2.935,1.909,1.893,1.849
0,evgenyneu/SigmaSwiftStatistics,Swift,6,791,3,644,1.36,1.373,1.417,2.0,1.911,2.151
0,RxSwiftCommunity/RxAnimated,Swift,19,2515,13,1513,2.478,2.432,2.054,3.878,3.655,4.273
0,morizotter/SwiftyDrop,Swift,25,13001,7,1200,1.473,1.428,1.498,3.542,3.216,4.039
0,TBXark/PinterestSegment,Swift,5,405,4,1745,1.431,1.413,1.307,1.735,1.724,1.83
0,icanzilb/TaskQueue,Swift,9,379,7,1370,1.961,1.908,1.694,1.944,2.0,1.939
0,yankodimitrov/SwiftPasscodeLock,Swift,11,5147,5,555,1.842,1.843,1.865,1.209,1.159,1.22
0,gonzalonunez/Skeleton,Swift,7,403,3,1543,1.338,1.322,1.261,1.456,1.45,1.492
0,techprimate/TPPDF,Swift,31,25505,18,2301,3.146,2.948,2.625,3.58,3.231,3.813
0,Onix-Systems/RainyRefreshControl,Swift,5,2380,3,59,1.52,1.554,1.608,1.57,1.411,1.663
0,KiranJasvanee/OnlyPictures,Swift,6,21845,7,1462,2.053,2.009,1.824,1.451,1.615,1.502
0,krimpedance/KRProgressHUD,Swift,10,26923,8,1662,1.815,1.741,1.674,2.936,3.296,3.022
0,trustwallet/trust-web3-provider,Swift,109,3976,18,2200,3.207,3.09,2.901,5.04,3.74,6.249
0,br1sk/brisk,Swift,64,3982,9,2225,2.604,2.465,2.13,2.356,1.942,2.685
0,WorldDownTown/ZoomTransitioning,Swift,8,23458,4,1089,1.34,1.311,1.362,2.177,2.185,2.2
0,tmandry/Swindler,Swift,28,3132,6,2053,1.27,1.245,1.285,3.725,2.83,3.869
0,ArtSabintsev/Guitar,Swift,22,1935,7,1826,1.414,1.374,1.309,3.16,2.984,3.077
0,zyphs21/HSStockChart,Swift,10,3103,5,1681,1.337,1.308,1.192,1.875,1.883,1.794
0,fortmarek/SwipeViewController,Swift,5,279,2,1184,0.999,1.0,1.0,1.027,1.024,1.013
0,indragiek/SwiftAutoLayout,Swift,6,73,5,959,1.549,1.518,1.392,2.311,2.15,2.125
0,finestructure/Arena,Swift,27,26439,3,135,1.134,1.122,1.141,5.608,5.217,5.915
0,Yalantis/EatFit,Swift,6,269,8,1653,2.033,1.975,1.875,1.706,1.703,1.821
0,hsylife/SwiftyPickerPopover,Swift,60,6504,9,1113,1.719,1.651,1.396,9.239,7.765,10.77
0,snipsco/Postal,Swift,44,40482,7,1080,1.94,1.901,1.673,3.645,3.249,3.587
0,venmo/DVR,Swift,41,204,16,2182,3.898,3.791,3.185,3.917,3.815,3.915
0,jriosdev/iOSDropDown,Swift,20,8051,15,1888,2.79,2.621,2.354,2.389,2.452,2.196
0,marty-suzuki/URLEmbeddedView,Swift,29,7840,2,1406,0.999,1.0,1.0,3.945,3.439,4.499
0,spacenation/swiftui-charts,Swift,10,902,4,614,1.558,1.503,1.302,2.643,2.686,2.746
0,stakes/Frameless,Swift,15,19516,6,335,1.321,1.291,1.217,2.121,1.994,2.198
0,spring-media/Carlos,Swift,30,3207,8,2488,2.242,2.128,1.83,2.815,2.634,2.273
0,birdrides/mockingbird,Swift,193,27797,14,1085,3.723,3.456,3.072,5.93,5.94,6.66
0,RxSwiftCommunity/NSObject-Rx,Swift,54,1161,29,2216,2.699,2.644,2.461,2.539,2.097,2.24
0,onevcat/Kingfisher,Swift,542,6417,172,3236,5.027,4.639,3.388,5.429,3.973,5.519
0,HeroTransitions/Hero,Swift,72,31385,74,1068,2.373,2.268,1.866,3.663,3.328,2.916
0,exelban/stats,Swift,333,55578,125,1718,5.89,5.419,3.557,4.397,3.827,2.976
0,JohnCoates/Aerial,Swift,216,19668,52,2942,3.333,3.127,3.323,5.15,4.787,5.012
0,ReactiveCocoa/ReactiveCocoa,Swift,923,17092,203,4121,15.496,14.259,10.548,8.247,7.372,10.379
0,SnapKit/SnapKit,Swift,21,2886,78,2224,3.284,3.07,2.614,2.478,2.582,2.471
0,hackiftekhar/IQKeyboardManager,Swift,107,23915,87,3816,1.493,1.451,1.338,2.821,2.435,2.912
0,Moya/Moya,Swift,603,18281,219,3456,9.277,8.76,7.332,4.386,3.787,4.384
0,mxcl/PromiseKit,Swift,254,10427,135,3610,4.344,4.036,2.865,3.668,3.672,3.509
0,MengTo/Spring,Swift,45,925,28,1692,3.812,3.593,2.744,4.574,4.435,4.742
0,ianyh/Amethyst,Swift,57,26646,79,2787,4.15,3.857,4.288,4.888,4.847,4.829
0,p0deje/Maccy,Swift,53,70896,44,2217,1.633,1.576,1.392,5.657,6.093,5.564
0,krzysztofzablocki/Sourcery,Swift,516,58016,148,2641,9.246,8.614,6.042,7.106,5.805,7.485
0,ChenYilong/CYLTabBarController,Swift,12,57491,10,2132,1.345,1.313,1.165,2.063,2.22,1.795
0,exyte/Macaw,Swift,201,57773,34,2331,3.892,3.796,3.481,8.949,6.983,7.087
0,CatchChat/Yep,Swift,6,52598,12,332,1.821,1.756,1.749,2.25,1.95,2.25
0,jonkykong/SideMenu,Swift,40,64626,30,1758,4.438,4.1,3.016,2.299,2.316,2.105
0,ivanvorobei/SwiftUI,Swift,31,66130,17,600,2.127,2.035,1.909,3.497,3.108,3.335
0,sergdort/CleanArchitectureRxSwift,Swift,24,98692,19,1851,3.148,2.974,2.52,1.236,1.169,1.242
0,jathu/UIImageColors,Swift,31,52077,19,2143,2.733,2.619,2.083,3.312,3.49,3.124
0,madebybowtie/FlagKit,Swift,7,67904,10,2033,2.822,2.677,2.528,1.234,1.255,1.178
0,SilenceLove/HXPhotoPicker,Swift,10,58697,7,1700,1.38,1.344,1.253,1.481,1.461,1.638
0,uias/Tabman,Swift,52,79005,36,1324,2.203,2.086,1.659,1.721,1.619,1.808
0,Krisiacik/ImageViewer,Swift,64,90062,32,2677,3.571,3.532,3.623,3.166,2.84,3.593
0,SebastianBoldt/Jelly,Swift,8,55283,10,2021,2.182,2.085,1.892,1.33,1.277,1.27
0,BendingSpoons/katana-swift,Swift,100,83300,30,2206,4.565,4.298,3.858,3.887,3.561,3.355
0,nicklockwood/layout,Swift,26,63605,16,670,2.159,2.047,1.624,1.885,1.868,2.039
0,QuickBirdEng/XCoordinator,Swift,54,50364,13,1688,3.047,2.864,2.538,2.34,1.839,2.605
0,tilltue/TLPhotoPicker,Swift,53,85195,33,2331,6.491,5.954,4.479,5.229,5.435,5.243
0,xmartlabs/Bender,Swift,73,72730,8,2153,1.819,1.78,1.87,7.588,6.333,7.078
0,Q-Mobile/QGrid,Swift,5,62819,6,384,1.884,1.81,1.449,2.088,2.198,1.763
0,marcosgriselli/SwipeableTabBarController,Swift,25,68234,11,1603,2.411,2.276,1.837,3.361,3.256,2.794
0,efremidze/Magnetic,Swift,24,85688,9,1706,1.783,1.708,1.534,3.756,3.746,3.419
0,adamwaite/Validator,Swift,30,74426,24,2120,1.357,1.333,1.254,1.674,1.651,1.734
0,KeyboardKit/KeyboardKit,Swift,30,91523,25,2620,3.096,2.89,2.579,3.336,3.114,3.299
0,SwiftKitz/Appz,Swift,91,61924,15,1235,3.787,3.608,3.199,6.409,6.391,6.022
0,pvzig/SlackKit,Swift,87,80008,30,2280,3.81,3.542,3.118,4.285,3.689,3.779
0,C4Labs/C4iOS,Swift,175,68123,15,2225,2.069,2.004,1.817,5.151,5.347,5.105
0,freshOS/Then,Swift,33,79426,16,2108,1.197,1.189,1.22,2.872,2.769,2.993
0,dokun1/Lumina,Swift,56,58186,9,1549,1.278,1.257,1.218,4.296,3.987,3.851
0,luckymarmot/ThemeKit,Swift,14,53573,5,1770,1.617,1.56,1.356,1.93,1.838,2.07
0,vineetchoudhary/Downloader-for-Apple-Developers,Swift,10,51832,3,549,1.315,1.285,1.289,1.39,1.313,1.168
0,morizotter/TouchVisualizer,Swift,58,65328,13,2662,1.483,1.441,1.51,10.203,8.19,11.018
0,ekazaev/route-composer,Swift,46,65245,7,1981,1.908,1.821,1.674,5.236,4.992,5.4
0,guoyingtao/Mantis,Swift,163,56593,23,1960,2.933,2.756,2.252,9.95,8.979,11.031
0,igorkulman/iOSSampleApp,Swift,29,76587,3,2318,1.091,1.083,1.08,3.842,4.1,3.512
0,Hi-Rez/Satin,Swift,20,65595,7,1099,1.803,1.735,1.544,1.894,1.899,1.611
0,scribd/Weaver,Swift,83,51691,8,1759,1.765,1.694,1.572,4.237,3.394,4.566
0,instamobile/messenger-iOS-chat-swift-firestore,Swift,5,82692,3,1034,1.213,1.204,1.144,1.055,1.03,1.083
0,exyte/fan-menu,Swift,7,88042,8,851,3.082,2.94,2.722,1.526,1.458,1.514
0,XCTestHTMLReport/XCTestHTMLReport,Swift,15,75345,28,618,3.731,3.646,3.129,2.895,2.317,3.14
