,id,name,language,pull_requests,size,contributors,age,contributor_xp,pr_points
0,4311796,adam-p/markdown-here,JavaScript,18,16027,11,2331,1.261,4.0623
0,54346799,public-apis/public-apis,Python,1867,5088,428,2186,4.242,12.263
0,126577260,trekhleb/javascript-algorithms,JavaScript,119,13363,191,1843,1.683,9.95
0,231283452,excalidraw/excalidraw,TypeScript,3239,46904,267,1493,6.03,46.352
0,163883279,nektos/act,Go,853,9617,172,1860,4.373,15.427
0,135786093,typescript-cheatsheets/react,JavaScript,146,3076,178,811,4.323,3.838
0,137078487,vuejs/core,TypeScript,1633,26496,437,1313,7.708,32.109
0,133251103,wagoodman/dive,Go,131,6671,53,1879,3.617,12.146
0,419347358,PKUFlyingPig/cs-self-learning,HTML,219,43817,110,828,3.295,12.4474
0,65388917,jakevdp/PythonDataScienceHandbook,Jupyter Notebook,28,43642,15,750,1.511,4.497
0,11551538,koajs/koa,JavaScript,422,3651,211,3832,3.734,14.839
0,14370955,sahat/hackathon-starter,JavaScript,319,13960,182,3636,2.305,8.792
0,94498635,carbon-app/carbon,JavaScript,471,20275,175,1094,3.06,33.312
0,313330998,bradtraversy/50projects50days,CSS,39,498,34,671,1.894,6.261
0,52773157,typeorm/typeorm,TypeScript,1879,27216,431,2894,4.344,6.265
0,11167738,gulpjs/gulp,JavaScript,352,1088,220,3455,5.325,6.988
0,110211147,xkcoding/spring-boot-demo,Java,4,14194,11,653,1.665,1.86
0,97533102,halfrost/LeetCode-Go,Go,172,19274,44,2089,2.173,14.099
0,170326929,goabstract/Awesome-Design-Tools,JavaScript,283,19220,214,594,8.496,21.01
0,1129010,blueimp/jQuery-File-Upload,PHP,116,4767,84,3950,2.288,4.608
0,13886476,zsh-users/zsh-autosuggestions,Shell,59,598,48,3599,3.971,5.424
0,29891188,standard/standard,JavaScript,412,3638,169,3283,3.309,12.047
0,101782647,facebookresearch/fairseq,Python,65,25756,298,617,4.819,7.223
0,245704608,colinhacks/zod,TypeScript,349,4926,261,1427,3.137,5.557
0,61412022,ianstormtaylor/slate,TypeScript,1199,22816,460,1748,5.649,12.51
0,15308499,SortableJS/Sortable,JavaScript,150,2576,137,3593,3.724,7.525
0,23736449,VincentGarreau/particles.js,JavaScript,17,158,12,458,1.741,3.151
0,952189,jashkenas/backbone,JavaScript,845,27306,288,4876,5.168,11.985
0,13078968,postcss/postcss,TypeScript,554,10535,372,2617,1.85,8.963
0,541269386,ggerganov/whisper.cpp,C,409,10718,239,491,2.105,18.116
0,2579314,fzaninotto/Faker,PHP,774,10094,386,3300,7.517,24.857
0,307489284,remix-run/remix,TypeScript,3,43403,468,359,7.567,1.6
0,74260508,docsifyjs/docsify,JavaScript,230,30479,172,2406,5.028,8.343
0,302603001,qier222/YesPlayMusic,Vue,234,48682,55,1050,4.127,9.55
0,63484632,facebookresearch/fastText,HTML,7,8311,53,34,4.331,2.178
0,94061307,vadimdemedes/ink,TypeScript,196,1538,95,2343,2.618,8.501
0,172521926,pmndrs/react-three-fiber,TypeScript,462,24140,192,1801,3.816,4.75
0,103784142,MonitorControl/MonitorControl,Swift,146,29834,70,1522,3.996,8.275
0,211124697,deezer/spleeter,Python,49,9615,14,1287,3.216,6.668
0,4307108,nsqio/nsq,Go,656,14138,110,4245,2.741,29.423
0,23069399,mdbootstrap/mdb-ui-kit,SCSS,161,49595,95,2208,2.482,6.714
0,3602123,hammerjs/hammer.js,JavaScript,101,10221,78,2643,2.08,2.458
0,995750,VundleVim/Vundle.vim,Vim Script,81,940,57,4688,2.944,7.357
0,67836789,tokio-rs/tokio,Rust,2909,12966,442,2704,7.539,71.534
0,308770,heartcombo/devise,Ruby,723,5846,377,4403,8.041,18.833
0,64700934,OpenZeppelin/openzeppelin-contracts,JavaScript,1898,38999,400,2744,6.425,46.063
0,669686044,karpathy/llama2.c,C,120,1183,74,78,2.286,8.949
0,66156850,TheAlgorithms/Go,Go,342,2402,161,2716,5.624,25.027
0,41179827,Rapptz/discord.py,Python,1217,20271,358,3080,3.746,27.14
0,122775780,psf/requests-html,Python,74,2981,59,1863,1.692,5.792
0,14681876,codelucas/newspaper,Python,144,18349,86,2404,1.767,6.565
0,30136107,pandao/editor.md,JavaScript,19,16106,19,1553,1.733,3.476
0,131789494,wuyouzhuguli/SpringAll,Java,1,1069,2,566,1.0,0.8
0,88876034,TKkk-iOSer/WeChatPlugin-MacOS,Objective-C,6,25525,6,632,1.259,3.129
0,8538132,designmodo/Flat-UI,JavaScript,34,36190,28,1708,2.9,3.022
0,14164618,tree-sitter/tree-sitter,Rust,734,15546,193,3745,4.463,12.366
0,71551629,carloscuesta/gitmoji,TypeScript,956,7267,101,2659,5.453,15.507
0,77419377,bcicen/ctop,Go,73,3616,40,2043,2.018,14.08
0,213460285,jasontaylordev/CleanArchitecture,C#,43,3734,64,412,1.447,5.773
0,887025,kriskowal/q,JavaScript,87,1428,71,4029,4.261,6.941
0,40772809,adonisjs/core,TypeScript,6,5826,58,1838,2.099,2.877
0,144624857,checkly/headless-recorder,JavaScript,59,12114,21,1162,2.209,2.37
0,51356720,gpujs/gpu.js,JavaScript,22,20529,45,2239,1.822,3.901
0,2609642,feathersjs/feathers,TypeScript,359,36303,229,3211,2.282,14.744
0,43797718,acdlite/recompose,JavaScript,246,1325,97,1153,3.579,13.354
0,141910081,faressoft/terminalizer,JavaScript,23,3991,8,1819,1.886,2.307
0,88760614,automerge/automerge-classic,JavaScript,93,4047,60,1117,4.082,7.617
0,193885464,woltapp/blurhash,C,80,12240,63,1680,3.428,3.906
0,34275705,redox-os/redox,Shell,532,8027,82,1138,4.748,22.702
0,179152420,wistbean/learn_python3_spider,Python,7,22644,8,1067,1.247,2.102
0,119190187,gitleaks/gitleaks,Go,453,5200,153,2196,5.61,11.432
0,48764652,react-native-maps/react-native-maps,Objective-C,777,7134,424,2958,9.234,17.609
0,465303307,samber/lo,Go,132,2995,82,640,3.492,23.695
0,11323319,erusev/parsedown,PHP,113,1490,39,2386,2.885,13.178
0,931039,browserify/browserify,JavaScript,225,2495,170,4204,8.898,16.43
0,172227885,tiangolo/full-stack-fastapi-postgresql,TypeScript,77,953,21,1804,2.202,5.319
0,6207167,mockito/mockito,Java,249,48867,280,2207,6.725,8.411
0,62607227,yangshun/tech-interview-handbook,TypeScript,181,31488,153,2265,3.417,16.069
0,23088740,axios/axios,JavaScript,520,13486,412,2839,7.371,36.782
0,63537249,facebook/create-react-app,JavaScript,1658,25222,456,1813,3.981,20.818
0,74791366,ryanmcdermott/clean-code-javascript,JavaScript,148,520,106,2094,3.558,37.123
0,88464704,PanJiaChen/vue-element-admin,Vue,305,15436,112,1190,2.95,8.156
0,52631841,gothinkster/realworld,TypeScript,184,36885,80,1943,4.846,7.817
0,1861458,hakimel/reveal.js,JavaScript,220,23948,303,4626,4.683,4.084
0,257485422,vitejs/vite,TypeScript,272,34212,444,249,5.3,19.347
0,157397583,mswjs/msw,TypeScript,347,10523,129,1127,2.308,22.307
0,6094683,angular-ui/bootstrap,JavaScript,64,9938,359,1834,4.606,6.592
0,69673033,ardalis/CleanArchitecture,C#,48,2986,53,1660,3.037,6.873
0,658364446,Lissy93/web-check,TypeScript,15,19453,9,81,1.529,3.615
0,278335273,anuraghazra/github-readme-stats,JavaScript,1050,3812,265,1307,6.362,34.806
0,237159,expressjs/express,JavaScript,222,9098,273,5207,6.918,6.624
0,81975372,kdn251/interviews,Java,40,24091,28,564,1.901,3.698
0,3402537,h5bp/Front-end-Developer-Interview-Questions,Nunjucks,367,5861,226,3393,5.216,9.638
0,37038121,go-acme/lego,Go,884,13676,347,3165,3.997,8.564
0,27082457,HIPS/autograd,Python,134,16162,51,3278,3.399,13.45
0,431433455,phoboslab/qoi,C,111,221,79,785,2.354,28.81
0,18495400,StackExchange/blackbox,Go,172,692,92,3572,2.748,7.06
0,121746465,eddycjy/go-gin-example,Go,3,23567,4,808,1.031,2.55
0,56919458,shentao/vue-multiselect,JavaScript,182,12797,85,2741,5.757,10.754
0,317380990,PeterL1n/BackgroundMattingV2,Python,5,2873,5,1116,1.2,1.76
0,211238195,taniarascia/takenote,TypeScript,251,11072,68,692,2.877,12.443
0,97034042,Tyrrrz/DiscordChatExporter,C#,115,2822,48,2393,2.602,13.858
0,7922549,flightjs/flight,JavaScript,139,652,50,1597,2.667,6.641
0,12320895,TalAter/annyang,JavaScript,65,1472,35,3277,2.779,7.808
0,185419470,kkuchta/css-only-chat,Ruby,3,21,3,27,1.106,2.2
0,10696042,davidjbradshaw/iframe-resizer,JavaScript,161,6267,90,3804,3.268,5.833
0,289423198,snapshot-labs/snapshot,Vue,169,24230,106,1263,5.115,6.222
0,17300388,qvacua/vimr,Swift,22,36579,33,3572,2.677,3.406
0,267713284,projectdiscovery/httpx,Go,93,9869,72,883,4.885,15.504
0,5160706,bkeepers/dotenv,Ruby,197,618,101,4202,4.156,22.507
0,130471182,huri000/SwiftEntryKit,Swift,92,46240,24,1275,3.289,9.643
0,6602323,MikeMcl/bignumber.js,JavaScript,36,4729,27,4037,1.946,4.075
0,4551765,thephpleague/oauth2-server,PHP,212,14477,130,4174,4.596,4.022
0,150902883,2d-inc/HistoryOfEverything,Dart,4,10469,5,149,1.563,1.688
0,141060161,cantino/mcfly,Rust,116,10687,58,1989,2.929,10.321
0,190189702,SwiftUIX/SwiftUIX,Swift,114,3317,42,1707,3.024,6.941
0,13112745,prerender/prerender,JavaScript,106,792,59,3443,2.14,13.258
0,165670309,TanStack/router,TypeScript,1,10726,181,549,1.871,0.8
0,290373506,lucidrains/denoising-diffusion-pytorch,Python,3,2522,18,672,1.479,1.66
0,137444487,mwouts/jupytext,Python,356,27278,78,1195,5.277,19.511
0,524305,mattn/emmet-vim,Vim script,86,1364,74,4307,1.699,5.849
0,6047189,electerious/Lychee,PHP,47,5917,30,2574,2.485,8.937
0,54109344,charlax/engineering-management,Shell,15,2431,12,2666,1.62,9.05
0,45655949,jaredreich/notie,JavaScript,10,11399,9,154,1.186,3.421
0,48266773,lockfale/OSINT-Framework,JavaScript,125,1521,62,2947,3.015,5.313
0,9934117,phoboslab/jsmpeg,JavaScript,13,1634,12,2546,1.427,3.452
0,47120661,hirak/prestissimo,PHP,106,3573,32,1794,1.479,11.376
0,292087234,BtbN/FFmpeg-Builds,Shell,29,840,20,1128,2.042,5.263
0,193393505,nodegui/react-nodegui,TypeScript,136,9473,28,1198,3.514,9.377
0,78369010,webslides/WebSlides,JavaScript,13,3301,13,1336,2.877,2.808
0,113038033,yuk7/ArchWSL,Makefile,26,347,11,2202,2.278,8.118
0,124708624,dinerojs/dinero.js,TypeScript,3,6738,16,39,1.825,1.853
0,84671793,redux-offline/redux-offline,JavaScript,18,5630,51,239,3.957,3.408
0,24810740,golden-layout/golden-layout,JavaScript,151,7936,71,2848,3.078,8.166
0,10934235,snare/voltron,Python,68,1704,19,2775,2.393,8.487
0,108510101,FaisalUmair/udemy-downloader-gui,JavaScript,44,3773,30,1019,2.486,6.456
0,19340009,daimajia/NumberProgressBar,Java,11,158,10,1166,1.327,3.166
0,29966381,riccardoscalco/textures,JavaScript,65,5985,10,2551,1.344,11.063
0,18371175,MikeMcl/decimal.js,JavaScript,22,8741,19,3167,2.634,3.382
0,230599151,rxi/lite,Lua,10,10262,10,378,1.21,3.826
0,2328523,casperjs/casperjs,JavaScript,380,7757,164,2349,6.82,11.405
0,41103286,lbryio/lbry-sdk,Python,1494,23759,87,2713,4.593,32.573
0,43098836,jorgebucaran/fisher,Shell,76,1578,66,1767,5.595,8.977
0,98770076,isomorphic-git/isomorphic-git,JavaScript,469,44167,83,1135,2.504,22.723
0,738250,NancyFx/Nancy,C#,1240,45465,252,3593,2.848,21.054
0,12721303,CEWendel/SWTableViewCell,Objective-C,56,2900,33,630,2.263,5.659
0,54435102,benthosdev/benthos,Go,331,28398,201,2189,5.795,17.939
0,49820627,software-mansion/react-native-svg,Java,187,19695,188,2235,3.305,4.866
0,26390092,deepstreamIO/deepstream.io,TypeScript,239,10859,29,3270,2.718,12.978
0,32222044,erincatto/box2d,C++,65,14923,15,2482,1.4,3.692
0,611562,holman/dotfiles,Shell,107,562,73,3221,3.33,9.078
0,71133469,reviewdog/reviewdog,Go,1248,4096,92,2668,2.373,41.681
0,16602433,1j01/jspaint,JavaScript,5,18759,11,3647,1.688,1.705
0,22355214,remarkjs/remark,JavaScript,80,13147,113,2141,1.713,5.842
0,81572885,WenchaoD/FSPagerView,Swift,10,2105,8,1831,1.39,2.622
0,261943,middleman/middleman,Ruby,640,23430,166,4942,2.992,15.295
0,28468993,curlconverter/curlconverter,TypeScript,250,3048,35,3330,2.907,23.108
0,98823234,Bogdan-Lyashenko/js-code-to-svg-flowchart,JavaScript,6,14235,8,1666,1.361,1.716
0,73470551,tkipf/gcn,Python,10,5210,9,1415,1.331,3.997
0,12631084,HubSpot/vex,CSS,41,3137,28,1633,2.497,5.304
0,1762028,BlocksKit/BlocksKit,Objective-C,69,5860,54,1710,3.959,4.719
0,343533419,charmbracelet/lipgloss,Go,119,332,24,1068,2.942,9.625
0,56192185,apollographql/react-apollo,JavaScript,1815,16475,181,2555,5.498,18.735
0,141827644,RockstarLang/rockstar,JavaScript,85,1927,49,1196,2.011,7.36
0,65616765,gokcehan/lf,Go,314,1685,88,2731,1.64,23.269
0,16907502,fatih/color,Go,55,2041,33,2858,2.165,5.407
0,443977141,HigherOrderCO/HVM,Rust,90,4701,41,762,2.109,7.995
0,22720859,mailgun/transactional-email-templates,HTML,6,215,5,2737,1.266,2.657
0,101609772,rough-stuff/wired-elements,TypeScript,44,1917,12,1527,1.883,7.321
0,273132277,moonD4rk/HackBrowserData,Go,48,10845,19,1300,1.366,6.32
0,6036101,adamwdraper/Numeral-js,JavaScript,48,1103,46,1637,1.818,6.105
0,3342055,nodejs/node-gyp,Python,189,5222,222,3750,4.995,3.579
0,86840811,buefy/buefy,Vue,16,31540,363,2468,9.388,2.542
0,1963063,Automattic/kue,JavaScript,140,6432,100,2907,1.809,3.31
0,91054480,rs/zerolog,Go,207,1354,141,2459,5.47,9.302
0,275386910,soxoj/maigret,Python,5,5588,29,84,2.589,2.735
0,63760777,mdbootstrap/material-design-for-bootstrap,JavaScript,19,11631,19,1478,4.115,5.207
0,95492797,alexanderepstein/Bash-Snippets,Shell,93,4188,43,2199,3.815,7.151
0,275604,resque/resque,Ruby,410,2597,234,5120,5.917,22.391
0,92648433,gwuhaolin/livego,Go,32,2614,19,1935,2.908,4.991
0,614258120,josStorer/chatGPTBox,JavaScript,67,3074,31,321,1.833,5.234
0,2902935,moovweb/gvm,Shell,102,795,67,4272,3.356,7.902
0,2791348,jprichardson/node-fs-extra,JavaScript,231,1250,84,4412,2.568,16.92
0,3951767,phpDocumentor/ReflectionDocBlock,PHP,172,1198,47,4206,4.541,12.561
0,40724813,junegunn/fzf.vim,Vim Script,133,795,89,2974,3.03,20.887
0,622166,FriendsOfPHP/Goutte,PHP,97,2977,67,4727,2.994,9.498
0,173675448,EtherDream/jsproxy,Shell,2,2889,3,81,1.042,1.6
0,59187489,listen1/listen1_desktop,JavaScript,37,737,8,2202,1.435,10.862
0,154542095,facebookresearch/maskrcnn-benchmark,Python,196,6842,79,392,4.713,11.141
0,86337343,skypjack/entt,C++,29,35132,71,1214,2.623,3.478
0,41589439,MathewSachin/Captura,C#,208,5730,46,1703,2.242,23.1
0,113115495,wulabing/Xray_onekey,Shell,9,2924,9,1170,1.592,3.647
0,31295421,guzzle/psr7,PHP,212,1073,86,2964,4.526,12.87
0,6750158,mgechev/javascript-algorithms,JavaScript,103,4172,44,3770,1.66,7.851
0,52287768,dthree/cash,JavaScript,37,368,17,603,2.661,8.185
0,12332444,onsi/ginkgo,Go,356,7476,171,3819,7.415,26.558
0,16650937,expressjs/morgan,JavaScript,9,242,20,2255,2.385,3.754
0,6098927,robertkrimen/otto,Go,141,2241,55,4102,3.166,6.778
0,24120252,vladikoff/chromeos-apk,JavaScript,18,96,10,2284,1.224,4.793
0,282637924,nilaoda/BBDown,C#,54,17418,18,1205,2.344,8.725
0,81226206,karatelabs/karate,Java,35,26060,94,2540,4.179,4.078
0,95970824,FullHuman/purgecss,TypeScript,279,19937,74,1492,3.11,8.619
0,104670977,dvf/blockchain,C#,20,127,11,592,1.495,3.687
0,111790807,thx/rap2-delos,TypeScript,23,512,20,1384,3.013,4.222
0,72754695,styled-components/polished,JavaScript,221,10844,75,1395,4.252,18.568
0,75629834,vercel/styled-jsx,JavaScript,182,2554,75,1872,5.254,13.927
0,192154202,ChrisAnd1998/TaskbarX,Visual Basic .NET,11,38931,8,1207,1.662,2.613
0,72523920,cupy/cupy,Python,3452,40115,292,2311,12.66,39.151
0,112321084,Raathigesh/majestic,TypeScript,85,9970,29,1314,1.628,7.379
0,171410703,reactive-python/reactpy,Python,156,22380,21,578,1.543,8.545
0,95196818,gregberge/loadable-components,JavaScript,183,9312,104,1313,4.468,8.621
0,10166531,mitchellh/mapstructure,Go,75,366,53,3258,2.479,18.959
0,224841533,Vanessa219/vditor,TypeScript,42,25537,47,1503,3.432,3.41
0,49316177,wuchangming/spy-debugger,JavaScript,3,6969,4,1650,1.387,2.1
0,52710065,all-contributors/all-contributors,HTML,321,16593,96,2711,5.435,7.372
0,9983223,dtao/lazy.js,JavaScript,37,4151,27,1361,2.014,6.668
0,165092572,go-echarts/go-echarts,Go,152,3450,41,1854,2.414,8.816
0,38602457,graphql-java/graphql-java,Java,1397,14073,210,3138,5.151,34.571
0,142908872,axa-group/nlp.js,JavaScript,700,33209,61,1759,3.113,7.092
0,368683828,golang-jwt/jwt,Go,5,2044,97,9,3.402,2.623
0,65017574,botman/botman,PHP,253,1495,98,1385,3.662,10.076
0,136570231,stride3d/stride,C#,651,31735,113,2061,2.206,8.653
0,87750994,notwaldorf/tiny-care-terminal,JavaScript,61,305,30,1119,1.637,8.48
0,5746658,PRML/PRMLT,MATLAB,18,506,3,2008,1.157,5.136
0,41578337,nathancahill/split,JavaScript,274,2822,32,2866,2.5,10.882
0,85095608,airbnb/visx,TypeScript,596,15344,147,2518,6.406,13.785
0,41717707,jcjohnson/neural-style,Lua,16,48191,12,364,1.671,2.325
0,1223029,tj/n,Shell,118,3308,79,4129,2.245,14.546
0,114938943,NginxProxyManager/nginx-proxy-manager,JavaScript,78,12077,125,2222,4.618,7.51
0,13807606,junegunn/fzf,Go,421,5443,233,3755,3.546,12.507
0,486550,h5bp/html5-boilerplate,JavaScript,495,22356,250,4224,5.854,30.81
0,71220757,swisskyrepo/PayloadsAllTheThings,Python,505,21361,259,2635,3.994,9.408
0,612354784,ggerganov/llama.cpp,C++,1692,20225,479,334,5.067,37.437
0,62367558,vercel/hyper,TypeScript,478,22780,260,2718,3.065,11.646
0,254832799,Z4nzu/hackingtool,Python,52,1373,35,1281,2.304,4.651
0,281975310,type-challenges/type-challenges,TypeScript,300,2801,206,634,3.821,4.352
0,207645083,TanStack/query,TypeScript,786,40724,475,991,3.911,9.535
0,5923215,hexojs/hexo,JavaScript,835,5671,170,4144,4.925,29.839
0,90563585,chubin/cheat.sh,Python,122,4558,48,1806,2.089,13.599
0,61137153,evanw/esbuild,Go,201,16962,103,2363,1.838,18.695
0,42283287,preactjs/preact,JavaScript,1307,15191,307,2858,7.224,14.345
0,38558578,nativefier/nativefier,TypeScript,222,6372,130,2973,2.314,10.095
0,2329766,mathiasbynens/dotfiles,Shell,42,836,120,3132,2.893,10.122
0,30969188,react-boilerplate/react-boilerplate,JavaScript,223,8943,183,1544,3.74,8.965
0,5405654,pcottle/learnGitBranching,JavaScript,410,30933,263,3170,2.86,16.974
0,95876775,elsewhencode/project-guidelines,JavaScript,113,493,66,1901,3.715,8.989
0,13584262,webtorrent/webtorrent,JavaScript,808,27586,161,3764,1.646,14.402
0,33041711,ryanhanwu/How-To-Ask-Questions-The-Smart-Way,JavaScript,72,439,49,2129,4.207,22.771
0,42920477,layui/layui,JavaScript,31,11661,49,2084,1.704,4.943
0,168008797,microsoft/calculator,C++,626,36934,90,1231,3.956,19.885
0,61929586,shengxinjing/programmer-job-blacklist,Shell,16,329,14,953,1.909,8.265
0,164574693,qishibo/AnotherRedisDesktopManager,JavaScript,122,4732,29,1854,2.153,16.405
0,6247705,stretchr/testify,Go,397,1462,213,4114,9.586,15.549
0,8768406,postcss/autoprefixer,JavaScript,241,8054,177,2814,3.565,15.536
0,11393110,urfave/cli,Go,468,11100,242,3326,6.612,11.931
0,39122628,git-tips/tips,JavaScript,139,393,68,2848,1.917,17.022
0,1376664,Seldaek/monolog,PHP,494,4640,397,3475,7.904,37.912
0,143615438,MLEveryday/100-Days-Of-ML-Code,Jupyter Notebook,42,44918,19,1339,2.395,4.017
0,16072585,phoenixframework/phoenix,Elixir,2235,21409,437,3327,5.549,16.946
0,53133861,nikitavoloboev/config,Shell,16,12286,1,1762,0.5,4.859
0,242754476,tailwindlabs/heroicons,JavaScript,52,3006,28,1393,3.33,5.459
0,150042589,nostalgic-css/NES.css,SCSS,41,4745,56,449,3.86,5.355
0,45942274,enzymejs/enzyme,JavaScript,645,7851,335,2680,1.956,19.853
0,18442377,lewagon/dotfiles,Shell,46,213,22,3162,2.474,3.709
0,226726247,wenyan-lang/wenyan,TypeScript,154,47391,56,792,2.173,9.369
0,15116946,vuejs/vue-router,JavaScript,19,11972,276,932,5.737,3.182
0,38366638,reduxjs/reselect,TypeScript,160,4859,99,3130,5.515,10.506
0,61421257,eggjs/egg,JavaScript,1064,10109,204,2776,4.033,25.4
0,3755875,Prinzhorn/skrollr,HTML,34,1659,24,1187,2.666,3.404
0,40808571,yudai/gotty,Go,33,6932,20,849,1.146,3.831
0,50418153,you-dont-need/You-Dont-Need-Lodash-Underscore,JavaScript,224,740,131,2848,4.853,20.695
0,26682105,darkreader/darkreader,TypeScript,4763,32217,430,2787,5.834,33.775
0,385637027,movie-web/movie-web,TypeScript,91,7302,101,927,2.728,6.679
0,118945118,antonmedv/fx,Go,32,4427,23,2068,2.6,2.83
0,75158620,lin-xin/vue-manage-system,Vue,37,3211,5,1962,1.109,5.64
0,19463625,nginx-proxy/nginx-proxy,Python,184,1268,121,2523,5.817,4.945
0,809601,handlebars-lang/handlebars.js,JavaScript,280,4058,174,4883,4.155,8.675
0,2881789,geekcomputers/Python,Python,1268,36577,408,4440,3.161,16.471
0,218115303,vercel/swr,TypeScript,452,3392,167,757,7.031,21.877
0,582822129,karpathy/nanoGPT,Python,39,935,31,176,2.105,5.599
0,186024298,nushell/nushell,Rust,1121,40840,417,422,6.643,27.021
0,39176269,vuejs/vuex,JavaScript,103,16717,310,585,8.705,9.412
0,18049133,kenwheeler/slick,JavaScript,235,3714,133,3018,3.137,16.636
0,1864363,composer/composer,PHP,2080,26355,383,3780,6.71,54.92
0,698041,caolan/async,JavaScript,493,7415,235,4993,3.351,11.497
0,54994103,floating-ui/floating-ui,TypeScript,849,38613,88,2866,4.254,10.058
0,31504491,labstack/echo,Go,537,6343,254,3264,3.05,21.416
0,18369373,spf13/viper,Go,376,1295,159,3596,2.484,18.774
0,181807583,haizlin/fe-interview,JavaScript,8,7281,6,332,1.153,3.055
0,20270252,feathericons/feather,JavaScript,102,16140,43,3219,2.65,5.637
0,45723377,charlax/professional-programming,Python,30,4706,27,2851,1.444,12.929
0,77144337,openfaas/faas,Go,674,27833,163,2575,6.292,6.879
0,33569135,ReactiveX/RxSwift,Swift,20,16233,336,1988,5.652,2.951
0,299482335,withfig/autocomplete,TypeScript,1414,27448,407,1226,10.315,18.324
0,49910095,vapor/vapor,Swift,746,16740,229,1872,3.918,19.489
0,71487058,TanStack/table,TypeScript,416,22399,378,1864,3.017,17.62
0,53632140,zyedidia/micro,Go,614,12835,261,2868,3.187,9.374
0,10851820,ramda/ramda,JavaScript,1291,8209,300,3850,8.148,18.669
0,74073233,keon/algorithms,Python,430,1468,184,2636,4.081,29.493
0,195226340,goldbergyoni/javascript-testing-best-practices,JavaScript,141,10417,68,1259,4.051,14.429
0,122734569,iawia002/lux,Go,276,2527,95,2140,4.016,10.473
0,1377867,locustio/locust,Python,749,16825,253,4737,4.42,23.459
0,144590939,VSCodium/vscodium,Shell,380,29971,100,1994,5.118,12.054
0,80990461,eriklindernoren/ML-From-Scratch,Python,9,553,6,985,1.094,3.358
0,14812739,libuv/libuv,C,48,16037,445,3643,5.191,9.256
0,3757512,balderdashy/sails,JavaScript,412,13180,223,4323,3.596,10.132
0,401025,mislav/hub,Go,354,7336,222,4945,4.142,4.792
0,99401299,ai/nanoid,JavaScript,104,4887,119,1213,3.002,8.985
0,2744972,websockets/ws,JavaScript,481,11320,173,4423,3.568,25.362
0,44998092,JohnCoates/Aerial,Swift,216,19668,53,2942,3.394,8.382
0,142187665,HarisIqbal88/PlotNeuralNet,TeX,11,2269,10,835,2.034,2.666
0,18351848,typicode/lowdb,JavaScript,54,1396,36,2435,1.133,4.665
0,26820798,avajs/ava,JavaScript,875,14106,301,2271,2.062,22.674
0,52034309,uber-go/zap,Go,478,1578,129,2909,4.907,31.413
0,124171501,Meituan-Dianping/mpvue,JavaScript,35,8393,127,516,2.466,6.971
0,12670444,petkaantonov/bluebird,JavaScript,285,15385,212,3377,5.754,4.327
0,46622323,camsong/You-Dont-Need-jQuery,JavaScript,166,727,81,2699,2.595,15.073
0,15570122,chriskiehl/Gooey,Python,82,4269,82,3048,2.167,6.933
0,5508088,svg/svgo,JavaScript,363,5360,188,3393,4.34,12.738
0,3606624,ReactiveCocoa/ReactiveCocoa,Swift,923,17092,203,4121,10.566,13.863
0,38307428,graphql/graphql-js,TypeScript,1645,21884,187,2033,7.012,25.64
0,48795298,dylanaraps/neofetch,Shell,746,8005,182,2169,4.923,12.972
0,193526915,dandavison/delta,Rust,506,10098,119,1609,4.143,30.122
0,478584,jsdom/jsdom,JavaScript,808,42288,290,4876,5.995,13.962
0,26784827,dotnet/core,PowerShell,1164,29285,323,2284,5.191,20.237
0,62104779,SortableJS/Vue.Draggable,JavaScript,49,15158,29,1579,3.963,3.61
0,106024057,pyg-team/pytorch_geometric,Python,2441,18114,425,2314,5.56,45.821
0,197018189,xyflow/xyflow,TypeScript,131,34414,75,431,3.178,12.111
0,261279710,facebookexperimental/Recoil,JavaScript,17,49843,100,24,4.754,3.164
0,95412229,PanJiaChen/vue-admin-template,JavaScript,28,1013,11,1096,1.451,4.372
0,32665718,railsware/upterm,TypeScript,288,7811,58,1452,3.958,13.254
0,15150300,tobiasahlin/SpinKit,CSS,50,265,16,2147,1.83,6.619
0,27291507,asdf-vm/asdf,Shell,661,2943,211,3336,5.046,24.509
0,24063576,semantic-release/semantic-release,JavaScript,621,6041,209,3431,5.284,14.869
0,148641954,TheAlgorithms/Rust,Rust,450,954,201,1972,6.856,59.405
0,28538501,react-grid-layout/react-grid-layout,JavaScript,195,16436,109,3254,3.369,10.854
0,79527893,jorgebucaran/hyperapp,JavaScript,233,6936,99,1311,2.189,10.585
0,50726688,spaceship-prompt/spaceship-prompt,Shell,368,10151,164,2809,3.51,7.04
0,90356372,ArchiveBox/ArchiveBox,Python,129,7496,104,1463,2.205,5.237
0,16989371,MagicMirrorOrg/MagicMirror,JavaScript,82,23065,307,3602,5.785,15.576
0,280363952,umami-software/umami,TypeScript,215,12092,218,1244,3.586,14.658
0,38565895,reduxjs/redux-devtools,TypeScript,356,31464,101,2255,5.362,17.1
0,64705781,SwifterSwift/SwifterSwift,Swift,581,16213,152,2737,4.284,27.947
0,44869078,zalmoxisus/redux-devtools-extension,JavaScript,94,11615,64,1579,2.383,8.321
0,245166720,ajeetdsouza/zoxide,Rust,40,2362,61,373,3.35,7.584
0,40217904,swaywm/sway,C,2764,29688,395,3106,13.14,58.493
0,79509385,danilowoz/react-content-loader,TypeScript,123,7118,45,2242,1.843,11.403
0,93076012,schickling/chromeless,TypeScript,88,1088,41,424,4.172,9.519
0,8708394,filp/whoops,PHP,291,1695,128,3888,4.356,15.276
0,182095352,nilaoda/N_m3u8DL-CLI,C#,11,6399,9,1218,1.418,2.89
0,194027578,alibaba/hooks,TypeScript,624,9517,209,1680,5.614,15.501
0,2945088,revel/revel,Go,102,2827,129,2480,3.298,5.216
0,7323572,davidshimjs/qrcodejs,JavaScript,16,130,14,1064,2.044,3.708
0,68125931,ShangtongZhang/reinforcement-learning-an-introduction,Python,49,6162,28,1871,1.347,6.613
0,46180504,FaridSafi/react-native-gifted-chat,TypeScript,388,47898,185,2819,6.705,10.382
0,30444489,jbranchaud/til,Vim Script,16,2190,16,2000,1.598,10.5
0,17618901,Tonejs/Tone.js,TypeScript,13,28341,89,1103,3.345,1.885
0,46041284,VSCodeVim/Vim,TypeScript,2602,19781,345,3008,9.657,48.343
0,24993138,google/brotli,TypeScript,539,37299,97,3393,3.461,20.748
0,1136075,cubiq/iscroll,JavaScript,44,1586,11,2217,1.611,4.975
0,190964861,gyoogle/tech-interview-for-developer,Java,129,6706,71,1694,2.803,5.281
0,1685764,dhg/Skeleton,CSS,24,6398,19,1337,1.825,2.271
0,3428345,ftlabs/fastclick,HTML,67,322,44,2558,2.511,5.006
0,126365965,linlinjava/litemall,Java,96,24595,60,1955,3.136,6.136
0,7363211,knex/knex,JavaScript,1432,45644,435,3990,12.36,26.067
0,125863507,testing-library/react-testing-library,JavaScript,327,1609,166,1130,3.023,23.717
0,285508823,rescript-association/rescript-lang.org,MDX,480,13997,156,1278,6.352,16.169
0,11394510,PaulTaykalo/objc-dependency-visualizer,JavaScript,21,1877,5,1551,1.282,4.087
0,5397873,toorshia/justgage,JavaScript,48,3329,27,3927,2.362,5.565
0,62021805,testshallpass/react-native-dropdownalert,TypeScript,83,36533,23,2070,1.478,7.471
0,130452003,youzan/zan-proxy,TypeScript,57,9401,15,625,2.237,4.911
0,1047351,node-js-libs/node.io,JavaScript,18,3248,13,917,1.913,4.562
0,63375309,danpaquin/coinbasepro-python,Python,90,299,58,2438,3.955,7.714
0,79046698,arzzen/git-quick-stats,Shell,73,397,39,2550,2.243,9.881
0,26732453,louthy/language-ext,C#,195,19861,82,2038,2.888,5.078
0,68254498,cleverhans-lab/cleverhans,Jupyter Notebook,616,9369,109,2329,3.612,14.492
0,14075080,roots/bedrock,PHP,306,847,77,3743,5.062,27.089
0,31810895,moroshko/react-autosuggest,JavaScript,63,8592,47,2134,3.096,6.247
0,62095504,sdispater/pendulum,Python,171,2727,90,2727,3.013,9.883
0,46386922,angular/flex-layout,TypeScript,353,7277,56,2718,3.81,12.934
0,142967350,reach/reach-ui,TypeScript,193,30923,141,681,4.35,7.108
0,38603315,hiloteam/Hilo,JavaScript,5,36305,19,805,1.487,1.72
0,29703101,raulriera/TextFieldEffects,Swift,25,663,20,2920,2.227,4.45
0,222258954,dstotijn/hetty,Go,21,2101,8,523,1.871,2.865
0,5660085,thephpleague/omnipay,PHP,236,1704,128,4050,3.446,3.181
0,23551107,ghosh/uiGradients,Vue,376,5833,230,1772,5.692,18.673
0,147545986,plantuml-stdlib/C4-PlantUML,PlantUML,99,7579,29,1977,3.262,15.605
0,44409210,RichardLitt/standard-readme,Shell,34,103,22,2610,2.125,4.25
0,143253020,microsoft/FASTER,C#,265,9978,60,1307,3.946,25.173
0,281769216,ixartz/Next-js-Boilerplate,TypeScript,24,8545,24,850,3.256,4.298
0,47025785,SwiftyBeaver/SwiftyBeaver,Swift,156,2446,74,2851,4.259,14.815
0,30329296,matthewmueller/x-ray,JavaScript,58,1340,37,2015,3.038,3.365
0,239760033,sivan/heti,SCSS,53,1302,11,1318,1.772,8.869
0,100464123,microsoft/MMdnn,Python,284,37216,66,1863,2.748,30.088
0,10368942,Grsmto/simplebar,TypeScript,85,19997,54,3624,3.389,3.389
0,72314479,vuejs/vetur,TypeScript,955,13255,139,2302,2.784,21.543
0,103826539,openatx/uiautomator2,Python,39,1725,29,2005,1.996,4.342
0,46879057,langren1353/GM_script,JavaScript,13,2947,10,2945,1.704,3.437
0,7639232,angular/protractor,JavaScript,517,9509,254,2675,4.81,15.407
0,1944156,olivernn/lunr.js,JavaScript,46,4095,37,3344,1.444,3.639
0,4287921,reactphp/reactphp,PHP,145,1367,33,3564,4.054,6.494
0,1713774,TTTAttributedLabel/TTTAttributedLabel,Objective-C,135,1653,83,3384,3.645,13.541
0,148829497,o2sh/onefetch,Rust,249,27249,121,1019,3.564,21.36
0,47524979,guarinogabriel/Mac-CLI,Shell,71,11728,48,2608,1.795,10.213
0,117152902,oclif/oclif,TypeScript,166,3911,49,1427,2.166,6.377
0,64290739,dodyg/practical-aspnetcore,C#,22,44622,31,1287,1.971,4.094
0,66641037,LonamiWebs/Telethon,Python,310,8186,153,2091,5.848,11.404
0,31935508,yiminghe/async-validator,TypeScript,61,1128,43,2716,3.246,3.624
0,190416463,actions/runner-images,PowerShell,420,10534,257,406,4.588,8.864
0,80016159,graphql/graphql-playground,TypeScript,256,7888,97,1544,2.249,10.943
0,976994,pennersr/django-allauth,Python,895,11606,409,4631,4.119,47.153
0,93565582,howtographql/howtographql,TypeScript,635,15528,390,1603,8.797,12.07
0,40963709,cookpete/react-player,JavaScript,160,9099,128,3088,6.68,6.799
0,1834386,jakesgordon/javascript-state-machine,JavaScript,13,1616,8,2336,1.415,4.127
0,9004802,phpspec/prophecy,PHP,245,833,105,3969,5.452,16.837
0,160466659,DataV-Team/DataV,Vue,9,3158,7,1674,1.367,2.287
0,122728925,terkelg/prompts,JavaScript,105,8698,59,2159,2.216,9.348
0,90433420,MorvanZhou/Reinforcement-learning-with-tensorflow,Python,8,438,6,1910,1.317,3.186
0,173333035,qubvel/segmentation_models.pytorch,Python,103,6235,46,1647,2.562,9.166
0,13597334,shipshapecode/tether,JavaScript,1101,8936,60,3764,4.145,15.699
0,235434204,benbusby/whoogle-search,Python,24,2512,117,229,2.933,5.013
0,206874323,imsnif/bandwhich,Rust,66,5308,43,273,3.988,9.656
0,33041626,hardikvasa/google-images-download,Python,40,260,31,1494,2.491,4.939
0,131236938,drogonframework/drogon,C++,892,5423,128,2112,1.664,26.814
0,148892884,vueComponent/ant-design-vue-pro,Vue,81,6775,49,1412,2.456,5.091
0,1714160,NaturalNode/natural,JavaScript,319,13888,122,4595,3.063,9.32
0,5627682,serbanghita/Mobile-Detect,PHP,100,4228,92,3782,3.11,4.148
0,3476845,JamesNK/Newtonsoft.Json,C#,309,26412,108,4309,4.866,10.522
0,4090287,paulmillr/chokidar,JavaScript,210,1753,104,4305,1.991,17.315
0,64519183,logaretm/vee-validate,TypeScript,525,23000,327,1572,4.601,10.851
0,32219142,chimurai/http-proxy-middleware,TypeScript,206,3477,31,3225,2.136,11.722
0,6810140,gleitz/howdoi,Python,152,27738,70,4061,4.064,4.616
0,31829770,PatrickJS/MFE-starter,JavaScript,394,3810,178,3135,2.206,12.234
0,40092232,mas-cli/mas,Swift,133,2868,41,2104,3.897,10.846
0,75890962,bailicangdu/vue2-happyfri,JavaScript,5,5373,6,752,1.131,1.986
0,648414,jquery-validation/jquery-validation,JavaScript,168,8172,198,4852,2.917,7.413
0,34268496,leecade/react-native-swiper,JavaScript,120,9567,69,1910,2.244,4.115
0,80039696,gcanti/fp-ts,TypeScript,718,23119,124,2559,4.4,20.461
0,10154151,FredrikNoren/ungit,JavaScript,640,21116,87,3915,3.536,12.984
0,13622189,tariqbuilds/linux-dash,JavaScript,168,4694,82,2348,2.737,6.864
0,6936773,php-fig/log,PHP,34,67,27,3148,3.042,4.999
0,102987907,react-static/react-static,JavaScript,530,37809,221,1692,5.264,9.963
0,4030574,ksky521/nodeppt,JavaScript,41,26167,30,3095,2.669,2.571
0,175176201,alexfoxy/lax.js,JavaScript,13,5080,14,657,2.086,2.142
0,43599889,typestack/class-validator,TypeScript,134,5669,106,2624,2.703,7.54
0,43225113,mikefarah/yq,Go,262,10921,90,3055,4.704,8.643
0,123732482,reduxjs/redux-toolkit,TypeScript,672,26927,316,2167,6.583,10.906
0,44402056,electron/electron-api-demos,HTML,260,5674,52,2558,3.304,19.036
0,342637264,fullstackhero/blazor-starter-kit,C#,100,3072,33,512,2.563,10.93
0,35313328,armink/EasyLogger,C,28,3666,18,2977,2.022,3.709
0,37480795,IFTTT/RazzleDazzle,Swift,7,2763,8,519,1.868,2.122
0,1052675,craftyjs/Crafty,JavaScript,69,7738,91,900,4.521,6.945
0,137104789,jamesmh/coravel,C#,118,3173,25,2063,2.656,9.719
0,47656654,HunterLarco/voxel.css,CSS,9,3709,8,107,1.48,3.272
0,47781142,xmartlabs/XLActionController,Swift,42,8991,17,2150,3.176,8.134
0,5198123,burke/zeus,Go,146,2048,54,4088,2.6,5.122
0,148402802,phoenixframework/phoenix_live_view,Elixir,1019,12822,451,1631,5.074,22.259
0,41258890,dthree/vorpal,JavaScript,64,983,29,1022,3.193,5.619
0,120715537,sindresorhus/modern-normalize,TypeScript,12,272,13,1058,1.405,3.145
0,114846052,WebStackPage/WebStackPage.github.io,CSS,10,17869,9,1963,1.652,3.288
0,17517521,auth0/java-jwt,Java,212,1451,53,3622,2.714,7.599
0,58774373,icloud-photos-downloader/icloud_photos_downloader,Python,199,36200,31,2819,1.942,9.16
0,229293658,creativetimofficial/tailwind-starter-kit,CSS,6,33159,13,440,1.786,2.68
0,28131918,jakearchibald/svgomg,JavaScript,24,6091,25,2456,2.674,3.18
0,32727687,mysticatea/npm-run-all,JavaScript,27,441,20,1534,2.55,6.997
0,2808651,leongersen/noUiSlider,TypeScript,93,2525,69,4224,3.483,7.343
0,20232642,schneiderandre/popping,Objective-C,3,392,1,428,0.5,2.094
0,59643097,Ramotion/expanding-collection,Swift,15,31962,17,734,1.764,2.584
0,68197895,crazycodeboy/react-native-splash-screen,Java,48,3912,40,1909,2.164,11.204
0,36229979,MicheleBertoli/css-in-js,JavaScript,55,582,37,1172,3.342,8.178
0,66913302,reorx/httpstat,Python,9,355,6,2477,1.35,4.423
0,133092972,nodejs/undici,JavaScript,287,8282,224,1035,5.818,31.087
0,256184861,rrousselGit/riverpod,Dart,567,30042,207,1391,6.866,14.89
0,105677687,alangpierce/sucrase,TypeScript,410,18882,38,1196,1.815,27.161
0,33916850,spatie/laravel-medialibrary,PHP,376,8680,318,2369,4.832,7.396
0,1252864,nelhage/reptyr,C,67,353,39,4617,1.887,5.65
0,166071450,wzpan/wukong-robot,Python,24,11108,17,1839,1.221,5.625
0,28930512,hound-search/hound,JavaScript,113,3285,81,2232,2.76,7.786
0,28564207,niieani/bash-oo-framework,Shell,23,676,12,1585,1.421,3.9
0,150354367,Meituan-Dianping/Logan,C,57,21196,23,1840,3.024,4.368
0,25216588,fluentpython/example-code,Python,6,12950,6,2439,1.052,3.007
0,6584365,MikeMcl/big.js,JavaScript,26,2762,23,3483,1.658,6.078
0,56251096,ethereum/web3.py,Python,1218,28393,222,2566,5.141,57.395
0,34023916,microsoft/WPF-Samples,C#,110,19389,56,2217,4.764,5.368
0,249688385,saurabhdaware/text-to-handwriting,HTML,38,1729,27,473,2.22,4.902
0,13129587,jagenjo/litegraph.js,JavaScript,144,29536,64,3721,2.871,17.269
0,123254500,webpack-contrib/mini-css-extract-plugin,JavaScript,317,9651,70,2168,3.812,13.871
0,3165783,nsf/termbox-go,Go,87,376,54,3679,2.316,6.552
0,25670446,tomchentw/react-google-maps,JavaScript,140,11332,61,1168,2.462,12.06
0,36187165,jariz/vibrant.js,CoffeeScript,5,925,7,696,1.455,2.779
0,60117259,swimlane/ngx-datatable,TypeScript,318,21049,129,2332,2.726,5.249
0,68275675,FormidableLabs/react-game-kit,JavaScript,18,2084,16,538,2.042,3.275
0,19748680,gliderlabs/logspout,Go,121,5791,73,2764,2.791,10.607
0,12830126,mozillazg/python-pinyin,Python,22,7021,21,3646,1.873,4.88
0,114829503,umputun/remark42,Go,858,28946,116,2236,2.798,25.7
0,47422110,bartonhammond/snowflake,JavaScript,39,30278,24,569,1.607,7.977
0,124765446,s0md3v/AwesomeXSS,JavaScript,6,3642,5,1786,1.133,2.825
0,42832234,mamaral/Neon,Swift,16,14088,11,777,1.907,5.818
0,79775156,jcjohnson/pytorch-examples,Python,5,63,5,889,1.271,1.605
0,119014048,Lyken17/pytorch-OpCounter,Python,19,177,17,1685,2.262,4.237
0,77689140,thoas/go-funk,Go,82,326,47,2187,3.367,11.808
0,136181543,qubvel/segmentation_models,Python,43,1863,13,681,1.545,3.588
0,112751115,naganandy/graph-based-deep-learning-literature,Jupyter Notebook,13,13616,11,2125,1.648,2.173
0,164380611,instillai/deep-learning-roadmap,Python,2,12843,3,15,1.103,1.6
0,34196200,keithwhor/nodal,JavaScript,87,1479,22,2374,2.456,5.333
0,242956320,notion-enhancer/notion-enhancer,JavaScript,12,14873,32,229,2.042,4.354
0,46131737,kdzwinel/betwixt,JavaScript,12,4876,5,1133,1.346,4.877
0,215404927,kellyjonbrazil/jc,Python,101,14494,38,1574,2.018,16.166
0,101684931,ApoorvSaxena/lozad.js,JavaScript,91,6058,32,1962,2.757,11.004
0,9779017,fideloper/TrustedProxy,PHP,57,161,25,3047,1.972,7.046
0,76567547,surmon-china/vue-quill-editor,JavaScript,15,643,13,1183,1.366,3.376
0,94593596,etcd-io/bbolt,Go,290,2084,186,2368,10.852,17.844
0,119822304,sindresorhus/Gifski,Swift,101,21743,14,1086,1.199,16.22
0,111738332,final-form/react-final-form,JavaScript,234,7574,116,1213,4.102,6.139
0,40806530,sindresorhus/np,JavaScript,160,1001,83,1960,2.689,17.286
0,167459852,github/personal-website,HTML,46,911,34,115,1.992,6.682
0,544208,ajenti/ajenti,Python,175,38552,21,5020,1.483,8.864
0,1602811,fluent-ffmpeg/node-fluent-ffmpeg,JavaScript,131,8961,83,4597,2.77,12.512
0,15921313,release-it/release-it,JavaScript,131,6495,94,3332,3.514,20.03
0,708775091,louislam/dockge,TypeScript,86,715,60,90,2.175,6.696
0,20556335,bayesian-optimization/BayesianOptimization,Python,80,32493,32,3517,2.023,9.765
0,15046172,stefanpenner/es6-promise,JavaScript,124,900,75,2018,5.303,5.853
0,255231293,karpathy/micrograd,Jupyter Notebook,1,248,2,2,1.0,0.8
0,16549503,github/scientist,Ruby,70,202,52,2770,2.585,7.365
0,555374,dahlbyk/posh-git,PowerShell,298,2958,97,4727,4.471,8.844
0,7039626,olivere/elastic,Go,19,8572,102,2396,2.669,4.777
0,136463760,electron/fiddle,TypeScript,582,16934,69,1314,3.917,24.155
0,26018608,github-changelog-generator/github-changelog-generator,Ruby,358,2305,93,3370,4.422,16.139
0,64878964,fchollet/deep-learning-models,Python,2,45,2,223,1.0,1.6
0,669174,DataTables/DataTables,CSS,53,14125,23,3749,1.405,10.246
0,77071207,laravel/tinker,PHP,36,229,33,2391,2.331,5.359
0,12502664,forhappy/Cplusplus-Concurrency-In-Practice,C++,4,1398,4,409,1.258,2.933
0,35451268,jdan/tota11y,JavaScript,66,3055,21,2928,1.866,7.107
0,32304121,domaindrivendev/Swashbuckle.AspNetCore,C#,346,4480,169,2800,4.232,13.851
0,25975629,evil-icons/evil-icons,JavaScript,12,27605,11,2104,2.391,3.282
0,69470049,surmon-china/videojs-player,TypeScript,20,1787,12,716,1.389,4.538
0,31560300,daattali/beautiful-jekyll,HTML,174,7019,84,3246,4.578,15.206
0,85459264,ohmybash/oh-my-bash,Shell,159,3960,105,2496,6.722,13.569
0,52897468,kazzkiq/balloon.css,CSS,30,1186,24,1718,2.148,8.078
0,19173633,PeterDing/iScript,Python,5,1142,5,1199,1.28,2.319
0,136332816,tychxn/jd-assistant,Python,4,6998,3,609,1.308,2.011
0,379916997,micro-zoe/micro-app,CSS,10,8858,30,502,2.128,3.047
0,4975026,AliSoftware/OHHTTPStubs,Objective-C,94,1996,57,4202,2.758,7.491
0,138615634,iorate/ublacklist,TypeScript,94,16738,39,2035,1.971,14.77
0,13344397,lervag/vimtex,TeX,284,11331,157,3771,7.626,4.472
0,215689781,yangzongzhuan/RuoYi,HTML,1,11707,82,349,2.316,0.8
0,190082368,Jinxiansen/SwiftUI,Swift,12,20800,7,1463,1.548,2.679
0,178738556,teslamate-org/teslamate,Elixir,644,30634,161,1774,3.907,16.585
0,47010479,karpathy/arxiv-sanity-preserver,Python,24,984,18,1065,1.736,4.793
0,15813955,vigetlabs/blendid,JavaScript,107,2897,60,2165,2.522,4.501
0,108454049,tkipf/pygcn,Python,5,225,6,487,1.527,3.006
0,11010098,epochjs/epoch,HTML,64,2131,17,991,1.446,5.352
0,153775955,rrousselGit/provider,Dart,156,1242,85,1915,4.678,10.384
0,72867492,anders94/blockchain-demo,Pug,41,478,18,2280,1.755,6.086
0,73864802,danielgerlag/workflow-core,C#,194,2058,58,2548,3.493,21.157
0,24700171,vuejs/vue-loader,TypeScript,341,6336,24,3303,2.043,18.782
0,233568787,markmap/markmap,TypeScript,8,1167,9,1448,1.19,2.603
0,217603326,hagopj13/node-express-boilerplate,JavaScript,39,1620,16,1386,1.785,5.461
0,76425236,EduardoPires/EquinoxProject,C#,15,1664,10,1924,1.297,3.187
0,20387062,horsicq/Detect-It-Easy,JavaScript,58,11106,35,3514,2.262,6.584
0,812610,guard/guard,Ruby,338,4014,150,4528,4.106,14.378
0,9906653,ankane/chartkick,Ruby,28,2029,24,3393,1.571,4.007
0,42115933,sshahine/JFoenix,Java,117,28243,61,2196,3.447,6.291
0,12550138,PyCQA/isort,Python,39,24659,258,2597,4.568,11.437
0,22424133,muaz-khan/RecordRTC,JavaScript,62,6824,38,2413,1.55,5.799
0,47475908,sindresorhus/execa,JavaScript,206,997,53,1824,2.25,17.145
0,237914956,SuLingGG/OpenWrt-Rpi,Shell,1,1626,4,135,1.221,0.8
0,20839462,imba/imba,JavaScript,130,29201,31,3503,1.361,7.2
0,157858597,Tyrrrz/YoutubeDownloader,C#,25,1074,16,1855,1.727,3.036
0,131706958,jerry-git/learn-python3,HTML,8,1558,7,1819,1.063,1.635
0,62535969,Hironsan/BossSensor,Python,3,29659,4,849,1.253,2.217
0,5739134,b-ryan/powerline-shell,Python,126,478,67,3665,5.132,6.787
0,32787812,gsdios/SDCycleScrollView,Objective-C,8,1973,5,978,1.148,2.876
0,12004006,hanami/hanami,Ruby,407,26619,147,2778,8.537,7.34
0,14268809,FastLED/FastLED,C++,238,15195,131,3711,3.213,8.57
0,77703410,Perfare/Il2CppDumper,C#,22,1083,20,2225,2.505,7.515
0,16875250,expressjs/session,JavaScript,49,690,112,3633,5.296,16.803
0,101052455,likedan/Awesome-CoreML-Models,Python,26,3059,13,2130,1.869,3.785
0,18981255,slap-editor/slap,JavaScript,80,1583,15,959,1.387,9.86
0,60849305,nfmcclure/tensorflow_cookbook,Jupyter Notebook,58,19794,17,1295,2.841,7.978
0,1647876,pa7/heatmap.js,JavaScript,19,1732,21,2113,1.323,5.29
0,54828252,agronholm/apscheduler,Python,81,5474,41,2871,2.36,5.392
0,56101366,gothinkster/react-redux-realworld-example-app,JavaScript,26,540,16,1973,1.729,3.659
0,17486281,pagekit/pagekit,PHP,43,16759,42,230,3.394,7.529
0,12386312,filamentgroup/tablesaw,JavaScript,35,4049,22,1929,1.735,7.052
0,100404920,vi3k6i5/flashtext,Python,13,447,5,991,1.308,4.346
0,14640245,dieulot/instantclick,JavaScript,7,321,7,651,1.601,2.921
0,15463953,duilib/duilib,C++,34,22966,22,2344,2.455,3.539
0,134992035,wei/pull,JavaScript,184,5196,12,1975,2.494,20.2
0,42976210,star-history/star-history,TypeScript,67,49000,40,2376,3.316,5.529
0,7812624,cferdinandi/smooth-scroll,JavaScript,129,742,19,2648,1.946,12.077
0,80848838,Tapadoo/Alerter,Kotlin,65,37084,30,1650,2.29,8.212
0,92370246,tumobi/nideshop,JavaScript,1,1491,2,113,1.0,0.8
0,3421292,hyperupcall/autoenv,Shell,70,197,43,4355,2.895,9.712
0,24478678,Rich-Harris/ramjet,JavaScript,14,6933,11,511,1.544,2.343
0,112821105,yujiosaka/headless-chrome-crawler,JavaScript,208,1607,7,1058,1.884,18.755
0,32005403,ecomfe/fontmin,JavaScript,11,29617,11,2375,1.95,3.366
0,55814200,mholt/archiver,Go,102,427,66,2845,3.715,7.651
0,193669763,vuejs/composition-api,TypeScript,212,1679,90,787,3.856,13.058
0,3346928,chjj/tty.js,JavaScript,7,3161,4,1152,1.159,3.633
0,1121880,headjs/headjs,JavaScript,13,2127,1,1089,0.5,1.98
0,184500850,jamiebuilds/unstated-next,TypeScript,11,888,10,368,1.216,4.733
0,102487700,zedr/clean-code-python,Python,7,217,28,1628,3.621,4.388
0,25261765,go-gomail/gomail,Go,1,115,7,507,1.211,0.8
0,46802503,jenkinsci/pipeline-examples,Groovy,73,127,41,2052,4.828,8.077
0,258080286,code-hike/codehike,TypeScript,9,25523,9,196,1.399,3.92
0,10555788,maximebf/php-debugbar,PHP,264,5542,127,3884,3.763,12.224
0,286295150,antfu/vitesse,TypeScript,63,3000,103,342,2.234,7.003
0,23082332,slackhq/SlackTextViewController,Objective-C,184,16262,65,1459,4.609,10.241
0,122614397,GeekyAnts/vue-native-core,JavaScript,32,2273,15,1347,2.501,2.33
0,10652377,miniMAC/magic,SCSS,8,622,9,2323,1.414,3.268
0,191104421,any86/any-rule,TypeScript,21,3654,22,1269,1.969,4.984
0,290437899,jeessy2/ddns-go,Go,247,24679,31,1254,2.131,20.534
0,39316027,remix-run/history,JavaScript,138,3083,62,2216,1.524,3.362
0,21763822,doomemacs/doomemacs,Emacs Lisp,437,29467,364,3496,12.777,8.065
0,227978903,vueuse/vueuse,TypeScript,158,12384,459,405,2.558,6.638
0,805461,mysqljs/mysql,JavaScript,114,2682,120,4238,4.609,14.578
0,44218803,gabrielbull/react-desktop,JavaScript,58,5067,22,2032,2.092,6.915
0,111212542,VGraupera/1on1-questions,JavaScript,9,231,13,1944,3.011,3.706
0,212204036,astrit/css.gg,SCSS,5,5556,5,188,1.422,2.451
0,611921,activeadmin/activeadmin,Ruby,3285,13946,368,5045,10.894,29.349
0,93928882,swaggo/swag,Go,594,5121,204,2431,3.097,37.282
0,83434501,retejs/rete,TypeScript,17,1797,19,2224,1.464,5.597
0,43076202,hacksalot/HackMyResume,JavaScript,37,3258,13,856,1.9,9.535
0,55637575,quic-go/quic-go,Go,2152,15318,96,2863,5.235,28.861
0,1653882,thoughtbot/bourbon,Ruby,252,3142,105,3952,4.026,10.984
0,25310522,tristanhimmelman/ObjectMapper,Swift,220,1327,98,2040,3.604,15.597
0,134164777,crossoverJie/cim,Java,22,32060,7,847,1.254,4.529
0,61364083,ecomfe/vue-echarts,JavaScript,16,27460,9,1525,1.654,2.708
0,41359055,aksonov/react-native-router-flux,JavaScript,500,5682,237,2023,4.203,12.487
0,7398306,prasmussen/gdrive,Go,28,491,26,2984,2.384,2.495
0,1735515,node-schedule/node-schedule,JavaScript,110,358,49,4044,3.594,10.818
0,1272666,jshint/jshint,JavaScript,462,20208,243,3895,5.314,16.936
0,275095333,gao-sun/eul,Swift,85,2216,31,559,1.204,9.435
0,47878060,i18next/react-i18next,JavaScript,337,15437,170,2978,2.653,12.025
0,71972,tuupola/lazyload,JavaScript,16,5053,6,3232,1.153,4.534
0,28061676,jsx-eslint/eslint-plugin-react,JavaScript,1066,7482,396,3314,5.869,28.975
0,13753838,HubSpot/offline,CSS,48,1403,32,1312,2.317,6.36
0,36376183,react-toolbox/react-toolbox,JavaScript,70,13092,218,1122,2.528,7.095
0,46383222,IBAnimatable/IBAnimatable,Swift,313,26794,37,2652,2.981,9.146
0,89012427,airbnb/react-sketchapp,TypeScript,188,4428,56,1438,3.988,10.401
0,108395495,frappe/charts,JavaScript,69,7021,48,2001,4.095,5.64
0,272035489,greyireland/algorithm-pattern,Go,17,4196,13,1278,1.913,3.054
0,929845,sass/sass,TypeScript,136,1666,26,3928,2.163,6.757
0,57974334,DIYgod/DPlayer,JavaScript,370,11598,49,2818,2.564,26.715
0,24977535,dutchcoders/transfer.sh,Go,110,35056,61,2506,2.261,2.862
0,184611677,YunaiV/yudao-cloud,Java,10,37211,45,1605,1.533,2.153
0,32575637,ginuerzh/gost,Go,47,22754,34,3240,3.361,8.448
0,28628034,flarum/flarum,PHP,47,732,26,2763,2.097,5.372
0,260751863,cyrildiagne/ar-cutpaste,TypeScript,15,382,6,515,1.503,5.207
0,106279637,pqina/filepond,JavaScript,88,4282,65,2255,2.622,5.216
0,10290605,mattboldt/typed.js,JavaScript,49,5787,34,3478,2.215,3.708
0,201658460,geektutu/7days-golang,Go,7,1031,5,654,1.296,3.194
0,2281775,marcuswestin/WebViewJavascriptBridge,Objective-C,72,522,55,2264,3.978,5.395
0,219616873,charmbracelet/glow,Go,145,2889,31,1473,2.659,8.839
0,5448530,twbs/ratchet,CSS,210,16494,48,1298,2.712,3.911
0,28515839,skywind3000/kcp,C,38,562,27,3019,2.224,8.826
0,274594200,microsoft/Bringing-Old-Photos-Back-to-Life,Python,13,41892,12,759,1.703,3.578
0,22553797,getgrav/grav,PHP,3,27034,198,3369,2.734,2.267
0,51658450,BrainJS/brain.js,TypeScript,174,23894,94,2853,2.953,7.901
0,101109137,PavelDoGreat/WebGL-Fluid-Simulation,JavaScript,1,3304,1,713,0.5,0.8
0,52451887,vdumoulin/conv_arithmetic,TeX,3,5638,2,445,1.0,2.01
0,31865176,lgvalle/Material-Animations,Java,12,8692,8,433,1.514,2.828
0,16179237,Matt-Esch/virtual-dom,JavaScript,88,808,29,819,1.978,8.243
0,105262714,oauth2-proxy/oauth2-proxy,Go,633,18732,329,2309,8.826,25.208
0,62025838,DeviaVir/zenbot,HTML,301,31256,174,849,8.784,7.569
0,33200340,react-native-linear-gradient/react-native-linear-gradient,Java,166,2099,94,3080,5.318,5.767
0,55123440,soapyigu/LeetCode-Swift,Swift,283,13109,38,2478,3.716,38.013
0,5905681,benjamn/recast,TypeScript,359,4876,94,3975,2.301,10.53
0,38405292,redux-utilities/flux-standard-action,JavaScript,35,814,18,2221,2.155,5.5
0,176644153,vugu/vugu,Go,39,1057,18,1736,1.545,4.721
0,76251826,supasate/connected-react-router,JavaScript,227,3617,73,2036,2.643,10.662
0,286488508,chrisleekr/binance-trading-bot,JavaScript,128,7114,14,995,1.733,12.676
0,18467027,spotipy-dev/spotipy,Python,237,1175,163,3495,5.444,18.013
0,1924847,honza/vim-snippets,Vim Snippet,1028,2069,368,4600,6.881,24.595
0,66830040,baidu/san,JavaScript,162,9014,50,2620,2.334,8.272
0,169972846,peripheryapp/periphery,Swift,322,7602,28,1806,2.969,19.48
0,14735403,yajra/laravel-datatables,PHP,83,3356,125,3682,1.787,4.858
0,342388745,facebookresearch/Kats,Python,13,35085,67,97,3.079,3.646
0,22119747,gliderlabs/registrator,Go,99,23922,63,3343,4.107,5.714
0,8946089,ReactiveX/RxPY,Python,207,5602,82,3634,3.502,5.054
0,103791045,CryptoSignal/Crypto-Signal,Python,131,7624,17,772,3.633,8.609
0,36997653,TimOliver/TOCropViewController,Objective-C,121,8430,80,2030,2.983,12.331
0,22255647,duemunk/Async,Swift,41,573,23,2357,1.494,6.553
0,123358607,microsoft/tsdoc,TypeScript,157,5525,35,1498,2.882,23.882
0,32654500,mgechev/angular-seed,TypeScript,757,6397,160,1469,2.126,27.768
0,121651882,schollz/find3,Go,21,20689,15,811,1.156,2.518
0,7403331,es-analysis/plato,JavaScript,42,9948,26,1315,2.907,6.752
0,28693376,arasatasaygin/is.js,JavaScript,65,617,38,1952,1.967,9.935
0,338348248,benawad/dogehouse,TypeScript,42,34573,385,5,5.054,5.547
0,15452925,sjwhitworth/golearn,Go,110,27723,52,3289,5.094,11.827
0,351669095,vanilla-extract-css/vanilla-extract,TypeScript,508,7393,98,1048,2.584,29.39
0,37216840,phpDocumentor/TypeResolver,PHP,57,724,40,1836,3.239,6.687
0,17065530,facebook/chisel,Python,119,3544,50,2058,5.185,9.678
0,57182064,vercel/serve,TypeScript,249,1516,90,1867,4.872,6.733
0,216581567,super-linter/super-linter,Shell,1135,27836,217,711,3.312,42.797
0,7191565,guillaumepotier/Parsley.js,JavaScript,318,9864,210,3147,2.8,5.524
0,73475252,wix/react-native-calendars,TypeScript,457,18095,159,2585,5.05,23.441
0,16469292,dinedal/textql,Go,31,1038,24,3548,1.246,6.851
0,39166950,SwiftGen/SwiftGen,Swift,178,49837,87,1293,4.167,10.5
0,41561105,go-resty/resty,Go,190,3563,98,2962,3.364,17.365
0,13737149,marmelab/gremlins.js,JavaScript,53,4707,23,3019,1.989,2.888
0,36597039,phpDocumentor/ReflectionCommon,PHP,20,149,12,2217,2.335,4.48
0,9120526,jackc/pgx,Go,357,5020,259,3963,6.547,24.857
0,173796,humanwhocodes/computer-science-in-javascript,JavaScript,10,131,5,4190,1.068,2.698
0,127519518,projectdiscovery/subfinder,Go,177,9450,78,1812,4.897,11.4
0,140609832,seanmonstar/warp,Rust,293,1061,170,2015,4.773,12.886
0,121204738,klaudiosinani/taskbook,JavaScript,35,473,26,1672,2.19,11.717
0,71996613,blue-yonder/tsfresh,Jupyter Notebook,278,8354,84,1344,3.3,21.283
0,94897336,imgproxy/imgproxy,Go,212,36485,92,2376,2.703,10.176
0,296943592,elkowar/eww,Rust,172,3967,63,1186,2.998,6.409
0,221855328,phuocng/csslayout,MDX,197,24482,19,1468,1.616,7.953
0,49623638,hilongjw/vue-lazyload,JavaScript,67,4856,46,2663,2.99,7.325
0,649170660,Mintplex-Labs/anything-llm,JavaScript,242,34470,28,250,1.422,19.0
0,121380371,thedevs-network/kutt,TypeScript,1,3828,47,23,3.175,0.8
0,19951534,Flipboard/FLAnimatedImage,Objective-C,50,4079,29,2760,2.25,8.087
0,9210604,mgonto/restangular,JavaScript,172,2067,114,1484,5.961,15.659
0,1345495,svenstaro/genact,Rust,329,9042,28,4725,3.095,6.539
0,21486287,sahat/satellizer,TypeScript,191,6703,123,838,2.12,4.708
0,11591313,reactiveui/refit,C#,314,15417,112,2670,5.436,7.97
0,56723754,redux-observable/redux-observable,TypeScript,227,7067,94,2832,5.585,10.06
0,52760178,crazyguitar/pysheeet,Python,276,1147,37,2850,1.542,3.821
0,4445324,zsh-users/antigen,Shell,56,1819,41,1573,4.064,2.748
0,2851691,joemccann/dillinger,HTML,214,15583,103,4020,3.873,3.26
0,19130362,geerlingguy/ansible-for-devops,Python,40,490,26,3341,1.947,5.808
0,119693982,jamiebuilds/unstated,JavaScript,32,448,21,351,1.543,5.825
0,16501535,metalsmith/metalsmith,JavaScript,81,3295,46,3505,4.451,7.303
0,129852395,assimon/dujiaoka,PHP,65,19301,23,1911,2.981,5.628
0,95366680,lucasg/Dependencies,C#,19,15341,20,1598,2.855,4.184
0,194513266,voidcosmos/npkill,TypeScript,39,9450,21,1570,2.059,5.679
0,16977232,fengyuanchen/cropper,JavaScript,39,6118,26,2344,1.593,5.333
0,94218531,lanpa/tensorboardX,Python,239,5779,74,2343,3.036,16.675
0,12933501,foundation/foundation-emails,HTML,39,8865,96,2524,4.561,2.526
0,24306221,kimmobrunfeldt/progressbar.js,JavaScript,29,3684,11,2527,1.601,8.598
0,99705100,NG-ZORRO/ng-zorro-antd,TypeScript,2470,19712,245,2375,7.193,28.576
0,22234455,react-grid-layout/react-draggable,JavaScript,85,3633,61,3351,3.009,5.739
0,124084862,CodeTips/BaiduNetdiskPlugin-macOS,Objective-C,1,1324,2,0,1.0,0.8
0,11584853,myclabs/DeepCopy,PHP,30,264,28,1546,3.172,8.372
0,72039072,squeaky-pl/japronto,C,24,894,21,1240,2.999,6.016
0,29849956,node-fetch/node-fetch,JavaScript,205,1268,107,2385,4.547,9.536
0,182353393,gcla/termshark,Go,24,22261,14,1290,2.554,6.261
0,86363993,pastelsky/bundlephobia,JavaScript,1,8664,37,49,2.846,0.8
0,54308113,ybq/Android-SpinKit,Java,12,10241,10,943,1.518,4.086
0,20105255,CoderMJLee/MJExtension,Objective-C,69,2999,23,2753,2.003,7.95
0,600637,mrdoob/stats.js,JavaScript,22,32616,20,4722,1.597,5.461
0,203183673,zfile-dev/zfile,Java,4,46360,5,987,1.438,2.334
0,1333863,kaminari/kaminari,Ruby,203,1552,153,4718,7.714,17.831
0,89116094,utterance/utterances,TypeScript,224,4517,150,1755,4.349,16.12
0,246674913,pestphp/pest,PHP,167,2074,88,900,3.994,10.879
0,4128353,sass/node-sass,C++,647,25524,178,4298,5.408,7.254
0,93808874,bxcodec/go-clean-arch,Go,21,343,7,2009,1.496,8.081
0,263993730,mertJF/tailblocks,JavaScript,8,26393,7,374,1.598,1.788
0,105411913,rematch/rematch,TypeScript,305,24030,94,1024,3.666,8.671
0,5894096,mdo/code-guide,SCSS,6,432,45,524,2.352,4.8
0,83678416,xo/usql,Go,83,2543,29,2442,1.751,11.255
0,256372328,jdan/98.css,CSS,23,664,32,30,2.289,3.775
0,11474382,adrai/flowchart.js,JavaScript,39,2677,33,3796,1.713,5.278
0,118617559,go-shiori/shiori,JavaScript,169,44942,50,2206,2.876,7.217
0,19407872,steipete/Aspects,Objective-C,18,504,15,766,1.816,3.215
0,439491516,ange-yaghi/engine-sim,C++,11,5966,6,250,1.452,4.093
0,31790438,api-platform/api-platform,TypeScript,222,5916,87,2135,1.557,8.447
0,4384018,pahen/madge,JavaScript,89,1163,53,4174,2.228,4.503
0,728994,FineUploader/fine-uploader,JavaScript,81,39501,92,3059,3.383,6.011
0,451035,heartcombo/simple_form,Ruby,325,2712,229,4301,4.549,15.031
0,60334478,projectstorm/react-diagrams,TypeScript,156,14106,76,2668,2.368,8.307
0,24968828,sosedoff/pgweb,Go,254,24382,47,3383,4.304,13.586
0,189676777,0x7c13/Notepads,C#,412,40357,62,1689,2.962,14.286
0,62500776,cerebroapp/cerebro,JavaScript,204,4373,44,2711,3.527,9.496
0,121422840,gruns/icecream,Python,21,380,20,1755,2.496,5.291
0,7431133,Rob--W/cors-anywhere,JavaScript,7,231,8,3165,1.471,3.598
0,25212911,davidsonfellipe/awesome-wpo,JavaScript,122,1006,94,2228,2.682,7.199
0,42481664,ng-bootstrap/ng-bootstrap,TypeScript,774,14815,164,2995,4.622,12.063
0,5694937,jonobr1/two.js,JavaScript,27,16994,47,1510,2.048,5.233
0,734957,kelektiv/node-cron,TypeScript,103,1818,75,4775,3.159,8.627
0,277277803,EleutherAI/gpt-neo,Python,92,1637,26,476,1.977,8.119
0,149477929,revery-ui/revery,Reason,734,7062,52,1008,3.892,37.005
0,20893207,primer/octicons,JavaScript,144,15762,83,2496,3.628,9.922
0,66432581,php-fig/simple-cache,PHP,7,27,10,2053,2.808,2.269
0,62256097,ThreeMammals/Ocelot,C#,44,5314,136,1625,2.12,6.872
0,151871286,pypa/pipx,Python,281,3522,126,1049,4.066,18.965
0,16554395,react-cosmos/react-cosmos,TypeScript,727,25974,103,2581,1.11,26.271
0,25594973,gobuffalo/buffalo,Go,237,16204,147,2589,3.303,13.551
0,2931111,chaijs/chai,JavaScript,399,4724,158,3373,5.119,24.965
0,266702263,rough-stuff/rough-notation,TypeScript,21,69,14,157,1.13,4.919
0,27929056,nodejs/docker-node,Dockerfile,635,1983,102,2284,7.482,58.933
0,658594,harthur/brain,JavaScript,13,393,13,1868,1.821,4.901
0,5710848,VulcanJS/Vulcan,JavaScript,228,22402,217,2291,4.454,7.045
0,121125679,LeetCode-OpenSource/vscode-leetcode,TypeScript,184,11850,28,1547,2.266,22.955
0,49194672,banchichen/TZImagePickerController,Objective-C,86,7267,48,2875,1.978,11.037
0,42749841,Live-Charts/Live-Charts,C#,108,18266,28,1083,2.115,11.08
0,54560347,lmenezes/cerebro,JavaScript,45,3677,26,1844,3.544,7.136
0,23056580,laravel/socialite,PHP,38,662,123,2411,3.559,6.322
0,119463163,LingDong-/shan-shui-inf,HTML,1,22943,2,295,1.0,0.8
0,151550980,scenee/FloatingPanel,Swift,228,7707,39,1748,3.412,7.479
0,150367689,corpnewt/gibMacOS,Python,8,735,9,1883,1.256,2.733
0,9996255,balderdashy/waterline,JavaScript,256,5409,102,3378,2.9,14.759
0,889932,scribejava/scribejava,Java,139,2633,103,4672,3.722,6.997
0,1791673,imakewebthings/deck.js,JavaScript,19,2393,15,1445,2.375,2.888
0,599070,soffes/SAMKeychain,Objective-C,39,251,29,3174,2.71,5.904
0,97334832,AndrewHartAR/ARKit-CoreLocation,Swift,29,24021,29,640,4.632,2.785
0,68013171,ibab/tensorflow-wavenet,Python,87,335,30,571,2.954,12.907
0,6198699,angular-ui/ui-grid,JavaScript,1344,20508,325,3958,6.308,17.258
0,7413451,timber/timber,PHP,752,16479,187,3953,1.994,17.864
0,81895167,css-doodle/css-doodle,JavaScript,14,3330,7,1687,1.401,4.407
0,47304932,prakhar1989/docker-curriculum,SCSS,65,9297,41,2320,2.517,3.584
0,218653810,vscode-neovim/vscode-neovim,TypeScript,427,3906,73,1562,3.074,16.836
0,104852627,alexisakers/BulletinBoard,Swift,44,29722,32,1126,3.098,4.922
0,54460336,algolia/places,JavaScript,727,12005,39,2309,1.967,29.399
0,177902038,ShizukuIchi/winXP,JavaScript,17,6291,6,1697,1.35,4.33
0,7808903,jenv/jenv,Shell,78,471,60,3787,3.577,8.936
0,1173043,syntaxhighlighter/syntaxhighlighter,JavaScript,44,6080,29,2306,3.022,3.217
0,40706,joshuaclayton/blueprint-css,CSS,1,10806,16,837,1.844,0.8
0,86202845,gitpoint/git-point,JavaScript,459,6286,99,1315,4.062,28.452
0,86640546,Daltron/NotificationBanner,Swift,83,25700,60,2220,4.642,5.971
0,11730342,vuejs/vue,TypeScript,5,32405,356,659,2.9,2.794
0,63476337,TheAlgorithms/Python,Python,2689,14349,457,2760,6.972,63.058
0,291137,ohmyzsh/ohmyzsh,Shell,3031,12137,389,5276,5.465,41.479
0,6498492,airbnb/javascript,JavaScript,790,3616,405,4104,5.509,16.557
0,21540759,avelino/awesome-go,Go,2557,10384,427,2719,11.677,21.042
0,20904437,gin-gonic/gin,Go,837,3074,387,3522,3.784,21.515
0,612230,nvm-sh/nvm,Shell,697,3602,345,5028,4.733,17.723
0,160919119,tiangolo/fastapi,Python,1639,20279,466,1886,1.975,40.101
0,147350463,leonardomso/33-js-concepts,JavaScript,233,1019,180,1938,3.764,10.556
0,36535156,reduxjs/redux,TypeScript,1471,28979,423,3168,6.513,15.996
0,167174,jquery/jquery,JavaScript,450,33130,291,4302,5.747,10.055
0,63477660,TheAlgorithms/Java,Java,1098,4008,431,2752,6.336,17.762
0,68063511,tsl0922/ttyd,C,214,17834,52,1645,2.417,12.575
0,3064355,sstephenson/bats,Shell,18,116,10,1155,1.671,4.782
0,119961591,linyacool/WebServer,C++,2,2526,2,628,1.0,1.6
0,914603,es-shims/es5-shim,JavaScript,127,2237,66,3724,3.874,8.463
0,129815042,thu-ml/tianshou,Python,272,46610,63,2124,2.939,21.682
0,10413050,jackocnr/intl-tel-input,JavaScript,125,17075,95,3884,3.118,5.985
0,11759482,joho/godotenv,Go,41,134,35,3190,1.417,15.662
0,15283709,SublimeText/Spacegray,JavaScript,29,2383,23,1763,1.931,4.633
0,48356217,haltu/muuri,JavaScript,6,7520,9,2454,1.278,2.105
0,31311037,jpillora/chisel,Go,47,3386,37,3232,2.564,8.259
0,120983092,skywind3000/awesome-cheatsheets,Shell,52,402,34,2157,2.501,7.15
0,15642233,karpathy/convnetjs,JavaScript,14,27806,14,1055,1.29,1.858
0,19935788,tmux-plugins/tpm,Shell,29,212,27,3206,3.227,5.081
0,83285138,alibaba/vlayout,Java,3,1726,15,406,1.63,1.6
0,15020102,walkor/workerman,PHP,236,3626,92,3686,2.735,13.314
0,14210523,yargs/yargs,JavaScript,724,5071,265,2861,2.671,18.509
0,11960085,WickyNilliams/headroom.js,JavaScript,43,699,28,2626,1.873,4.237
0,500093,winsw/winsw,C#,246,3510,44,4744,2.748,16.565
0,57430416,listen1/listen1_chrome_extension,JavaScript,171,5081,44,2787,2.328,16.237
0,11133743,h5bp/Effeckt.css,CSS,69,1942,33,691,2.781,10.005
0,2871998,debug-js/debug,JavaScript,150,410,102,3761,3.572,7.866
0,5101823,Shopify/dashing,JavaScript,47,2543,35,1352,2.333,3.453
0,117360777,d2-projects/d2-admin,JavaScript,30,22711,18,1136,2.869,6.13
0,4095287,rubocop/rubocop,Ruby,6322,44809,400,4311,9.884,60.661
0,522158088,zhayujie/chatgpt-on-wechat,Python,147,3773,49,546,3.842,13.316
0,2246815,DesignPatternsPHP/DesignPatternsPHP,PHP,220,6185,176,3212,5.699,8.839
0,37246537,chenglou/react-motion,JavaScript,139,5349,67,1620,1.561,8.952
0,19994257,go-delve/delve,Go,1630,34766,197,3549,2.991,24.675
0,74697963,HeroTransitions/Hero,Swift,72,31385,74,1068,1.864,5.528
0,197081291,iced-rs/iced,Rust,703,14933,198,1665,9.855,21.509
0,33486016,onevcat/Kingfisher,Swift,539,5725,171,3203,3.38,8.779
0,15480067,react-bootstrap/react-bootstrap,TypeScript,2375,30530,417,3691,7.107,21.95
0,155662306,trekhleb/homemade-machine-learning,Jupyter Notebook,2,14834,3,1644,1.104,1.6
0,2436267,nock/nock,JavaScript,545,9374,241,3202,5.46,9.22
0,71966177,webpack-contrib/webpack-bundle-analyzer,JavaScript,181,2851,67,2577,4.063,9.647
0,43134061,fengyuanchen/cropperjs,JavaScript,42,12096,41,2037,2.215,1.878
0,42237038,graphql/dataloader,JavaScript,80,841,60,2387,3.879,8.954
0,5254557,cloudwu/skynet,C,388,4737,117,4202,1.696,12.972
0,40013435,redux-form/redux-form,JavaScript,635,10020,346,2700,5.142,20.753
0,2857233,nexe/nexe,TypeScript,95,32583,53,4374,2.53,5.98
0,33293613,redis/ioredis,TypeScript,264,6234,146,2498,2.423,9.608
0,49704723,lint-staged/lint-staged,JavaScript,410,5624,131,2943,3.723,16.545
0,138312,capistrano/capistrano,Ruby,595,4571,223,5444,7.576,8.236
0,5890857,sindresorhus/pure,Shell,139,714,80,3008,2.344,15.352
0,95133665,s-matyukevich/raspberry-pi-os,C,123,2016,50,1393,1.557,9.918
0,50807547,turbolinks/turbolinks,TypeScript,57,596,26,1816,2.333,3.791
0,67588512,Instagram/IGListKit,Objective-C,3,8523,118,4,7.604,1.759
0,74809720,Chuyu-Team/Dism-Multi-language,HTML,92,8850,31,2311,3.018,10.134
0,70081812,surmon-china/vue-awesome-swiper,JavaScript,27,1196,19,1369,2.028,3.514
0,10064545,systemjs/systemjs,JavaScript,299,11097,113,2945,1.471,5.92
0,43830564,auchenberg/volkswagen,JavaScript,19,248,13,930,1.782,4.139
0,15340074,leemunroe/responsive-html-email-template,HTML,32,98,26,3638,3.175,5.013
0,30245748,gizak/termui,Go,62,6150,44,3282,2.264,6.301
0,51840802,pinojs/pino,JavaScript,709,3011,283,2912,4.637,37.351
0,33082868,sqshq/piggymetrics,Java,22,1512,13,2123,1.364,2.931
0,98315735,downshift-js/downshift,JavaScript,579,2581,199,2347,4.533,28.093
0,40446628,casesandberg/react-color,JavaScript,186,5947,78,1923,3.091,9.498
0,4188772,CodeSeven/toastr,JavaScript,57,2049,60,2237,2.537,5.536
0,100781035,webview/webview,C,251,5394,70,2365,2.519,7.396
0,28320207,majodev/google-webfonts-helper,TypeScript,8,605,9,3076,1.277,3.659
0,128564293,Chalarangelo/30-seconds-of-interviews,JavaScript,118,10667,44,1218,4.117,14.222
0,4979467,PrismJS/prism,JavaScript,1121,13978,357,3695,6.669,34.7
0,96689748,jaredreich/pell,JavaScript,4,1257,5,514,1.472,2.004
0,50063252,Miserlou/Zappa,Python,642,5645,203,1721,4.481,15.744
0,6319157,taye/interact.js,TypeScript,91,30731,50,2895,1.621,5.946
0,17446152,gabrielecirulli/2048,CSS,30,611,24,1310,2.03,4.351
0,55424670,GoogleChrome/workbox,JavaScript,607,16823,68,1479,2.882,10.725
0,41215439,CosmicMind/Material,Swift,4,34053,42,351,3.47,1.603
0,137867242,weilanwl/coloruicss,Vue,1,7118,2,362,1.0,0.8
0,20651672,pagehelper/Mybatis-PageHelper,Java,37,5240,36,3521,1.861,7.001
0,222544417,vuejs/pinia,TypeScript,196,7629,215,308,1.495,7.301
0,37931301,erikras/react-redux-universal-hot-example,JavaScript,298,8985,95,1047,3.705,21.061
0,257434373,apernet/hysteria,Go,196,9513,15,1381,2.418,10.4
0,106995,sinatra/sinatra,Ruby,736,7653,368,5163,4.36,12.947
0,363150,redis/redis-py,Python,1041,8270,372,5203,6.537,26.723
0,130309267,cfug/dio,Dart,57,4335,108,1317,5.405,4.136
0,20446799,dzenbot/DZNEmptyDataSet,Objective-C,74,14208,39,2435,3.566,4.366
0,6930489,facebook/watchman,C++,50,31261,254,3184,4.049,3.317
0,11530283,VerbalExpressions/JSVerbalExpressions,JavaScript,330,3106,42,3855,4.061,6.426
0,21402627,h4cc/awesome-elixir,Elixir,1025,2906,433,3480,8.949,14.218
0,4916869,ramsey/uuid,PHP,95,2667,97,3037,2.773,5.856
0,4925652,robfig/cron,Go,34,180,28,3105,3.405,6.628
0,156968527,testing-library/react-hooks-testing-library,TypeScript,437,11080,62,905,2.676,11.349
0,54226191,JanDeDobbeleer/oh-my-posh2,PowerShell,111,541,65,1758,2.85,14.395
0,22757905,Jounce/Surge,Swift,82,554,25,3268,2.725,13.123
0,4565995,phpseclib/phpseclib,PHP,332,14638,135,4141,3.823,10.21
0,9625333,mhinz/vim-startify,Vim Script,26,1508,47,3801,2.909,6.539
0,32238354,import-js/eslint-plugin-import,JavaScript,492,3926,322,2348,8.477,25.873
0,389813360,niuhuan/pikapika,Dart,5,4426,1,198,0.5,3.0
0,66982675,sarcadass/granim.js,JavaScript,14,2049,7,1319,1.709,4.087
0,323913869,boringdesigners/boring-avatars,JavaScript,9,2978,5,968,1.717,4.333
0,20557685,vikmeup/SCLAlertView-Swift,Swift,146,3983,79,3500,4.104,6.354
0,4117355,mongo-express/mongo-express,JavaScript,530,9931,123,4301,5.022,12.433
0,43082133,mviereck/x11docker,Shell,25,41001,19,2701,1.427,4.216
0,289605524,nonebot/nonebot2,Python,1130,9992,296,1265,8.252,13.721
0,147824034,p-christ/Deep-Reinforcement-Learning-Algorithms-with-PyTorch,Python,12,31581,9,861,1.606,3.443
0,51995332,philackm/ScrollableGraphView,Swift,12,25474,7,959,1.556,2.927
0,182306991,th-ch/youtube-music,TypeScript,531,11371,98,1753,4.081,10.688
0,43347873,danger/danger,Ruby,786,3387,203,3049,6.951,39.583
0,75785147,rails/webpacker,Ruby,1021,5456,424,2605,5.346,24.626
0,74909348,CameraKit/camerakit-android,C,63,21847,30,2167,3.705,4.908
0,29278707,shipitjs/shipit,JavaScript,66,1041,32,1885,2.636,3.552
0,69185236,nadbm/react-datasheet,JavaScript,60,13020,39,2066,2.285,4.858
0,307756285,denolehov/obsidian-git,TypeScript,58,3717,37,1187,2.583,4.796
0,13601190,agentejo/cockpit,JavaScript,69,23426,61,2711,2.382,5.784
0,8230809,este/este,TypeScript,252,12383,89,2086,1.439,6.662
0,61990007,apertureless/vue-chartjs,TypeScript,16,11942,98,966,2.306,2.516
0,27579614,goadesign/goa,Go,694,35019,114,1616,4.476,44.447
0,224444129,alyssaxuu/flowy,JavaScript,5,432,5,123,1.151,1.601
0,111610659,kusti8/proton-native,TypeScript,64,7581,28,845,4.45,3.196
0,3687489,jacomyal/sigma.js,TypeScript,96,22109,59,2381,3.223,4.552
0,7579180,doctrine/lexer,PHP,26,195,25,2880,3.693,5.446
0,156681830,ffuf/ffuf,Go,207,765,50,1809,1.881,21.956
0,48796179,z-song/laravel-admin,PHP,633,15814,233,2592,4.832,4.187
0,22765472,keen/dashboards,HTML,6,2240,21,1913,2.103,1.763
0,92112844,callstack/linaria,TypeScript,611,32257,136,2452,5.904,18.035
0,90786246,microsoft/TypeScript-React-Starter,TypeScript,15,161,15,772,2.04,2.299
0,20206590,rougier/numpy-100,Python,79,466,46,3487,2.408,5.562
0,1204214,stylus/stylus,JavaScript,355,7423,178,1680,5.187,18.543
0,142714512,jxnblk/mdx-deck,JavaScript,347,10442,61,1101,2.702,8.515
0,438384984,honojs/hono,TypeScript,240,4759,106,215,2.719,14.255
0,53321815,picturepan2/spectre,CSS,72,6514,27,1577,2.198,13.069
0,46077896,barbajs/barba,TypeScript,39,30237,18,2605,2.353,3.225
0,9709563,summernote/summernote,JavaScript,192,18849,306,2551,2.192,10.097
0,10155460,dbader/schedule,Python,101,366,55,3856,3.896,11.869
0,36205608,bang590/JSPatch,Objective-C,86,7890,37,1063,1.44,11.904
0,1337658,scottjehl/Respond,JavaScript,34,321,30,2180,2.118,5.971
0,5909706,yhirose/cpp-httplib,C++,356,3241,162,4157,2.636,17.836
0,98339432,shoelace-style/shoelace,TypeScript,22,16273,128,1088,5.041,3.755
0,74272018,angristan/openvpn-install,Shell,168,641,65,2556,2.274,9.472
0,143092994,benfred/py-spy,Rust,229,2993,36,1962,2.096,15.075
0,86891282,atomiks/tippyjs,JavaScript,153,17445,36,1770,2.2,6.712
0,6683352,muaz-khan/WebRTC-Experiment,JavaScript,11,33532,11,1400,1.444,3.177
0,14106970,tachyons-css/tachyons,CSS,118,18386,64,2177,2.076,3.097
0,13975314,go-martini/martini,Go,156,496,90,1179,3.188,17.782
0,157318000,vercel/ncc,JavaScript,268,12229,57,881,3.714,17.839
0,23267883,ansible-semaphore/semaphore,Go,60,7922,90,1025,2.867,6.428
0,94949504,apex/up,Go,70,23845,21,1091,1.702,7.39
0,129791,javan/whenever,Ruby,114,534,84,4085,2.678,16.281
0,53072654,sindresorhus/ora,JavaScript,50,679,47,1783,1.958,9.868
0,27029984,rust-bakery/nom,Rust,520,10059,326,2528,3.762,20.447
0,538180525,ggerganov/ggml,C,263,7036,125,508,2.836,13.387
0,11075275,sloria/TextBlob,Python,1,7862,28,41,1.594,0.8
0,45612129,ibireme/YYText,Objective-C,10,21807,10,598,1.552,2.531
0,250512612,ssssssss-team/spider-flow,Java,9,3382,18,941,1.486,3.158
0,55584626,httpie/http-prompt,Python,86,736,27,2116,2.865,9.708
0,2269353,desandro/imagesloaded,JavaScript,22,573,20,2029,1.404,3.275
0,128658421,klaudiosinani/signale,JavaScript,31,847,9,1459,1.611,3.426
0,23013268,Moya/Moya,Swift,603,18281,219,3456,7.312,7.144
0,5710341,bower/bower,JavaScript,339,4768,204,3475,3.989,4.132
0,30711774,go-playground/validator,Go,161,2214,178,3186,1.578,20.63
0,7877397,jmoiron/sqlx,Go,98,862,75,3364,3.527,9.642
0,19757917,maxwellito/vivus,JavaScript,28,472,22,2975,1.778,2.559
0,132474914,bvaughn/react-window,JavaScript,69,1775,32,2025,2.445,9.591
0,92238803,openai/baselines,Python,171,6620,102,982,3.629,7.342
0,197261780,Ciphey/Ciphey,Python,317,17141,40,1548,2.145,8.962
0,151843254,rrweb-io/rrweb,TypeScript,440,6985,106,1939,2.432,10.196
0,186754830,umijs/qiankun,TypeScript,524,33393,67,1719,3.049,14.53
0,65219131,learn-anything/learn-anything.xyz,TypeScript,2,18416,11,1505,1.598,1.6
0,264125852,dream-num/Luckysheet,JavaScript,253,28237,72,1173,5.027,14.634
0,93947448,twintproject/twint,Python,113,4578,59,1285,3.695,13.721
0,1381283,altercation/solarized,Vim script,20,34558,29,2600,2.376,2.004
0,84009,jasmine/jasmine,JavaScript,266,9880,212,4223,7.845,18.252
0,168500397,justauth/JustAuth,Java,25,9554,34,1284,1.618,7.899
0,64991887,microsoft/LightGBM,C++,2777,21359,285,2744,4.388,80.084
0,27382163,iissnan/hexo-theme-next,JavaScript,252,13366,115,1570,4.653,11.271
0,38900806,aleju/imgaug,Python,313,28618,24,1787,1.906,21.422
0,1203139,uuidjs/uuid,JavaScript,149,2678,59,3905,3.752,13.81
0,30161665,infernojs/inferno,JavaScript,236,43314,182,3289,5.64,3.828
0,34230966,commitizen/cz-cli,JavaScript,288,2310,85,3163,2.923,11.846
0,182097305,cool-RR/PySnooper,Python,71,495,25,1549,2.543,10.007
0,61872036,dvajs/dva,JavaScript,201,2377,87,2481,5.013,7.392
0,26827696,deviantony/docker-elk,Shell,78,758,59,2251,2.048,11.636
0,11847500,uutils/coreutils,Rust,1907,24713,373,3088,5.97,26.495
0,1607357,ladjs/superagent,JavaScript,431,6319,227,4522,7.183,13.386
0,2278524,hubotio/hubot,JavaScript,523,4307,251,4305,7.777,11.953
0,8297888,twitter/typeahead.js,JavaScript,46,2151,70,796,2.945,5.175
0,17804584,winterbe/java8-tutorial,Java,10,149,11,1248,1.655,5.201
0,817345,tj/git-extras,Shell,558,2085,224,4819,4.253,14.6
0,1413492,defunkt/jquery-pjax,JavaScript,78,872,61,1664,2.712,6.845
0,6662075,joke2k/faker,Python,1091,9400,406,4103,5.349,10.643
0,30582779,magic-wormhole/magic-wormhole,Python,146,3237,53,3275,1.818,13.625
0,113928488,Sycnex/Windows10Debloater,PowerShell,36,478,32,1293,2.301,5.147
0,20541795,SnapKit/SnapKit,Swift,21,2878,77,2224,2.604,4.096
0,66483240,dennybritz/reinforcement-learning,Jupyter Notebook,59,5375,36,2218,1.873,10.006
0,69798748,verekia/js-stack-from-scratch,JavaScript,54,1808,34,273,1.94,1.954
0,124792826,kamranahmedse/driver.js,TypeScript,53,2609,37,2087,1.315,4.003
0,58616946,SimulatedGREG/electron-vue,JavaScript,103,5927,93,1805,2.615,7.269
0,40518025,graphql/graphiql,TypeScript,776,25426,265,1774,8.095,10.156
0,12774825,CodeByZach/pace,CSS,47,1433,34,3228,2.604,3.346
0,112150776,11ty/eleventy,JavaScript,174,3632,86,2160,4.104,6.032
0,50586840,mjmlio/mjml,JavaScript,371,10359,150,2929,3.425,18.809
0,190427007,rasbt/deeplearning-models,Jupyter Notebook,35,44048,10,1709,1.066,5.614
0,326688,janl/mustache.js,JavaScript,162,1578,102,4856,4.308,4.647
0,202787876,Rigellute/spotify-tui,Rust,413,2403,89,824,5.587,18.734
0,12358097,hackiftekhar/IQKeyboardManager,Swift,107,23915,87,3816,1.334,4.527
0,18068542,xtermjs/xterm.js,TypeScript,1977,28005,276,3602,5.426,25.759
0,48212104,ustbhuangyi/better-scroll,TypeScript,95,18682,35,1201,2.721,8.534
0,151300862,instillai/TensorFlow-Course,Jupyter Notebook,9,21714,9,757,1.612,1.682
0,441269,jashkenas/coffeescript,CoffeeScript,669,30595,217,4309,4.521,23.147
0,115229134,mdx-js/mdx,JavaScript,727,42951,171,1228,6.328,17.064
0,44344606,go-chi/chi,Go,220,3736,125,3017,5.022,9.454
0,286867459,pmndrs/jotai,TypeScript,315,12442,171,362,3.818,20.883
0,59010815,ElemeFE/mint-ui,Vue,242,3420,33,608,2.653,12.284
0,84476389,jamiebuilds/react-loadable,JavaScript,105,325,85,1089,3.454,7.479
0,28748255,sweetalert2/sweetalert2,JavaScript,791,20685,112,2668,4.445,28.235
0,69953445,shuzheng/zheng,Java,10,41267,8,485,1.084,2.803
0,18503721,facebook/yoga,C++,98,46810,212,1759,9.194,12.259
0,51071818,so-fancy/diff-so-fancy,Perl,116,626,78,2580,2.474,10.306
0,305144746,tinygrad/tinygrad,Python,1872,24389,267,1208,2.27,65.977
0,965782,validatorjs/validator.js,JavaScript,706,5444,410,4699,5.085,21.589
0,20965586,SwiftyJSON/SwiftyJSON,Swift,197,1116,130,3058,6.74,14.104
0,24635156,t4t5/sweetalert,TypeScript,82,5478,61,2721,3.012,2.884
0,1451352,mochajs/mocha,JavaScript,1146,24225,421,4720,7.002,22.344
0,192175095,conwnet/github1s,TypeScript,258,17917,43,1681,3.754,7.231
0,233130089,charmbracelet/bubbletea,Go,371,4177,97,1486,2.58,17.515
0,51769689,refined-github/refined-github,TypeScript,1530,22871,305,1799,4.752,41.349
0,49935814,littlecodersh/ItChat,Python,29,955,16,981,1.82,3.725
0,38836015,michalsnik/aos,JavaScript,30,1465,18,1078,1.443,3.278
0,107286889,schollz/croc,Go,134,24578,81,1724,2.37,3.956
0,45431898,bvaughn/react-virtualized,JavaScript,444,48092,185,2363,2.41,12.742
0,120231691,Ryujinx/Ryujinx,C#,2755,31404,177,2194,6.185,37.956
0,123572362,quii/learn-go-with-tests,Go,231,9297,218,1146,8.02,6.212
0,125266328,psf/black,Python,573,6668,417,1150,9.31,14.305
0,65794292,styled-components/styled-components,TypeScript,620,34883,322,1706,6.96,10.239
0,22458259,Alamofire/Alamofire,Swift,547,34054,237,3477,2.727,29.715
0,174038031,react-hook-form/react-hook-form,TypeScript,1678,28229,285,1794,6.109,21.086
0,40416236,minimaxir/big-list-of-naughty-strings,Python,90,330,69,2078,3.641,11.171
0,36353527,typicode/hotel,JavaScript,68,3143,33,3071,2.298,5.502
0,14434734,ReFirmLabs/binwalk,Python,132,45162,71,3364,1.972,9.958
0,43279131,connors/photon,CSS,16,3152,12,364,2.063,3.678
0,44440501,orf/gping,Rust,175,5426,48,2981,3.683,8.864
0,260338399,vuejs/vitepress,TypeScript,142,7302,291,521,7.096,14.622
0,48376164,Ramotion/folding-cell,Swift,18,23548,22,1214,2.099,2.432
0,156332497,codota/TabNine,Shell,21,16455,19,1497,2.6,4.375
0,247032621,go-admin-team/go-admin,Go,142,17808,37,1307,1.637,9.852
0,129874045,vipstone/faceai,Python,9,40473,4,141,1.177,2.255
0,50806714,drduh/YubiKey-Guide,Shell,167,790,116,2869,4.341,10.4
0,53256950,liriliri/eruda,JavaScript,21,3527,16,2688,1.089,4.684
0,35685034,oblador/react-native-vector-icons,JavaScript,205,11002,132,3134,6.652,13.034
0,25095239,aFarkas/lazysizes,JavaScript,37,2904,44,2362,2.087,5.999
0,35810174,electron-react-boilerplate/electron-react-boilerplate,TypeScript,445,17118,148,2158,3.162,12.941
0,12080551,tsenart/vegeta,Go,146,2541,66,3716,3.007,10.704
0,7874074,goldfire/howler.js,JavaScript,106,32217,93,3885,2.896,11.284
0,66088979,changkun/modern-cpp-tutorial,C++,107,39501,73,2451,2.982,5.763
0,20060596,ogham/exa,Rust,228,3879,146,3360,2.967,19.619
0,125596489,doczjs/docz,TypeScript,184,10072,127,978,4.75,15.113
0,11481338,zloirock/core-js,JavaScript,243,48153,121,3856,2.367,3.641
0,1580851,dimsemenov/PhotoSwipe,JavaScript,77,30570,69,4624,3.292,1.968
0,24268127,coreybutler/nvm-windows,Go,91,33151,72,3379,1.506,8.507
0,24841635,date-fns/date-fns,TypeScript,924,22554,371,2846,6.467,18.328
0,42751014,zenorocha/clipboard.js,JavaScript,106,3015,53,2639,2.988,8.26
0,237791077,mingrammer/diagrams,Python,246,48933,136,1432,2.611,12.594
0,212613049,cli/cli,Go,333,29001,402,236,8.228,17.588
0,156157055,GokuMohandas/Made-With-ML,Jupyter Notebook,133,4001,1,606,0.5,4.492
0,47394776,lerna/lerna,TypeScript,572,37167,313,1633,6.571,20.972
0,137147386,dylanaraps/pure-bash-bible,Shell,28,232,21,861,2.117,3.73
0,110058856,LeCoupa/awesome-cheatsheets,JavaScript,162,8944,126,2241,3.421,11.6
0,12244426,rstacruz/nprogress,JavaScript,33,722,33,2433,2.399,5.011
0,2206953,tj/commander.js,JavaScript,242,3167,160,4095,2.192,6.88
0,25136308,JakeChampion/fetch,JavaScript,161,578,72,3255,3.869,10.342
0,30215630,go-kit/kit,Go,473,7389,188,3244,5.339,13.869
0,23338716,JedWatson/react-select,TypeScript,873,19846,367,3359,8.169,8.229
0,85031442,poteto/hiring-without-whiteboards,JavaScript,1183,3302,428,2291,4.431,50.645
0,8681349,huginn/huginn,Ruby,973,8336,208,3906,5.115,24.33
0,58836534,algorithm-visualizer/algorithm-visualizer,JavaScript,68,21182,25,2743,1.706,2.849
0,137946752,nondanee/UnblockNeteaseMusic,JavaScript,15,1775,9,823,1.885,5.317
0,4696595,localtunnel/localtunnel,JavaScript,32,197,29,3698,1.807,2.216
0,1207300,statsd/statsd,JavaScript,303,833,189,4589,5.201,26.246
0,381979,fullcalendar/fullcalendar,TypeScript,122,32286,130,4363,4.71,6.806
0,59720190,sanic-org/sanic,Python,880,8900,284,1761,4.158,31.242
0,51728141,airyland/vux,Vue,93,33199,116,325,3.197,3.923
0,10054176,Nyr/openvpn-install,Shell,13,168,12,2957,1.423,6.5
0,11829145,basecamp/trix,JavaScript,112,5629,56,2652,2.291,13.408
0,37627792,nfl/react-helmet,JavaScript,165,2148,58,1839,3.633,11.755
0,11397939,allinurl/goaccess,C,302,8241,143,3861,5.356,15.346
0,26195776,JedWatson/classnames,JavaScript,78,540,43,2869,2.859,9.549
0,65411043,wulkano/Kap,TypeScript,329,24626,53,1574,2.173,23.12
0,11081405,auth0/node-jsonwebtoken,JavaScript,149,456,88,3712,4.626,16.758
0,18611173,julianshapiro/velocity,JavaScript,52,8139,44,2137,2.775,3.316
0,13473768,ionic-team/ionicons,TypeScript,51,28466,45,2945,4.613,7.416
0,105036236,Shopify/draggable,JavaScript,101,5603,44,1734,2.154,5.262
0,79779269,youzan/vant-weapp,JavaScript,56,23052,160,689,4.619,7.857
0,100401612,Delgan/loguru,Python,118,2058,49,2362,1.896,5.777
0,265122478,ManimCommunity/manim,Python,783,40436,373,378,2.834,30.468
0,39013909,reduxjs/redux-thunk,TypeScript,74,1704,48,3066,1.821,7.666
0,76342242,rough-stuff/rough,HTML,64,6173,10,2532,1.312,6.714
0,74762106,jhao104/proxy_pool,Python,137,550,45,2599,2.039,7.046
0,48626335,vuejs/vue-cli,JavaScript,171,30935,456,2132,3.896,8.382
0,4484451,amix/vimrc,Vim Script,106,29728,79,4239,2.854,5.204
0,130884470,solidjs/solid,TypeScript,84,13953,146,1055,3.193,7.118
0,50447720,kodecocodes/swift-algorithm-club,Swift,607,14104,237,2171,9.178,14.049
0,84533158,yunjey/pytorch-tutorial,Python,28,13110,25,1053,3.219,4.716
0,21125024,typicode/husky,JavaScript,114,4082,115,2389,3.188,5.238
0,187335810,jesseduffield/lazydocker,Go,170,26913,66,1607,3.103,8.437
0,12732573,junegunn/vim-plug,Vim Script,165,8805,54,3490,1.929,24.494
0,1828795,AFNetworking/AFNetworking,Objective-C,616,6129,281,4248,5.441,22.396
0,13855476,go-gorm/gorm,Go,644,4234,361,3756,3.323,12.94
0,21700699,vsouza/awesome-ios,Swift,2212,13528,394,3489,7.551,14.695
0,2797951,doctrine/DoctrineBundle,PHP,350,3184,251,3294,8.88,20.889
0,125722945,TheAssassin/AppImageLauncher,C++,57,1860,39,2084,2.942,11.307
0,2302803,MrSwitch/hello.js,JavaScript,112,8749,61,4165,2.802,7.538
0,111044068,microsoft/tsyringe,TypeScript,73,1343,22,1976,1.926,7.786
0,97027254,Spandan-Madan/DeepLearningProject,HTML,13,2519,9,1104,1.692,2.116
0,156217558,microsoft/vscode-dev-containers,Shell,414,14225,224,931,7.62,26.156
0,3114995,markdalgleish/stellar.js,JavaScript,4,1191,4,1164,1.079,2.415
0,17714713,pre-commit/pre-commit-hooks,Python,330,863,99,2930,2.598,22.631
0,145865941,laravel/telescope,PHP,38,12314,158,1937,3.594,4.926
0,78002587,pardeike/Harmony,C#,119,16117,57,2586,4.737,10.464
0,365565715,pawelmalak/flame,TypeScript,37,3459,17,805,1.206,6.248
0,9149146,pudo/dataset,Python,103,800,60,3753,3.816,8.574
0,21127643,invertase/rdash-angular,HTML,30,1806,16,888,2.245,3.294
0,1464380,haraka/Haraka,JavaScript,1751,9040,167,4717,3.272,25.521
0,128907699,iamkun/dayjs,JavaScript,303,5530,318,1988,2.953,15.241
0,382496361,louislam/uptime-kuma,JavaScript,943,23974,387,936,4.563,20.938
0,220809393,Textualize/rich,Python,730,49170,224,1542,3.083,32.395
0,162998479,sherlock-project/sherlock,Python,532,16660,192,1852,3.579,27.038
0,42489829,rust-lang/rustlings,Rust,215,2896,364,1741,13.054,7.888
0,1424470,moment/moment,JavaScript,63,22196,406,1010,6.673,13.191
0,53809090,juliangarnier/anime,JavaScript,29,49250,43,1487,2.803,1.712
0,1700621,necolas/normalize.css,CSS,49,379,36,2472,2.116,4.223
0,19872456,remix-run/react-router,TypeScript,981,23774,429,2645,12.701,12.354
