Unnamed: 0,id,name,language,pull_requests,size,contributors,age,contributor_xp,pr_points
0,4311796,adam-p/markdown-here,JavaScript,18.0,16027.0,11.0,2331,1.261,4.0623
0,54346799,public-apis/public-apis,Python,1767.99642505707,5088.0,428.0,2186,4.242,12.263
0,126577260,trekhleb/javascript-algorithms,JavaScript,119.0,13363.0,191.0,1843,1.683,9.95
0,231283452,excalidraw/excalidraw,TypeScript,1767.99642505707,46904.0,267.0,1493,6.03,39.70675109302316
0,163883279,nektos/act,Go,853.0,9617.0,172.0,1860,4.373,15.427
0,135786093,typescript-cheatsheets/react,JavaScript,146.0,3076.0,178.0,811,4.323,3.838
0,137078487,vuejs/core,TypeScript,1633.0,26496.0,434.4330467010137,1313,7.708,32.109
0,133251103,wagoodman/dive,Go,131.0,6671.0,53.0,1879,3.617,12.146
0,419347358,PKUFlyingPig/cs-self-learning,HTML,219.0,43817.0,110.0,828,3.295,12.4474
0,65388917,jakevdp/PythonDataScienceHandbook,Jupyter Notebook,28.0,43642.0,15.0,750,1.511,4.497
0,11551538,koajs/koa,JavaScript,422.0,3651.0,211.0,3832,3.734,14.839
0,14370955,sahat/hackathon-starter,JavaScript,319.0,13960.0,182.0,3636,2.305,8.792
0,94498635,carbon-app/carbon,JavaScript,471.0,20275.0,175.0,1094,3.06,33.312
0,313330998,bradtraversy/50projects50days,CSS,39.0,498.0,34.0,671,1.894,6.261
0,52773157,typeorm/typeorm,TypeScript,1767.99642505707,27216.0,431.0,2894,4.344,6.265
0,11167738,gulpjs/gulp,JavaScript,352.0,1088.0,220.0,3455,5.325,6.988
0,110211147,xkcoding/spring-boot-demo,Java,4.0,14194.0,11.0,653,1.665,1.86
0,97533102,halfrost/LeetCode-Go,Go,172.0,19274.0,44.0,2089,2.173,14.099
0,170326929,goabstract/Awesome-Design-Tools,JavaScript,283.0,19220.0,214.0,594,8.496,21.01
0,1129010,blueimp/jQuery-File-Upload,PHP,116.0,4767.0,84.0,3950,2.288,4.608
0,13886476,zsh-users/zsh-autosuggestions,Shell,59.0,598.0,48.0,3599,3.971,5.424
0,29891188,standard/standard,JavaScript,412.0,3638.0,169.0,3283,3.309,12.047
0,101782647,facebookresearch/fairseq,Python,65.0,25756.0,298.0,617,4.819,7.223
0,245704608,colinhacks/zod,TypeScript,349.0,4926.0,261.0,1427,3.137,5.557
0,61412022,ianstormtaylor/slate,TypeScript,1199.0,22816.0,434.4330467010137,1748,5.649,12.51
0,15308499,SortableJS/Sortable,JavaScript,150.0,2576.0,137.0,3593,3.724,7.525
0,23736449,VincentGarreau/particles.js,JavaScript,17.0,158.0,12.0,458,1.741,3.151
0,952189,jashkenas/backbone,JavaScript,845.0,27306.0,288.0,4876,5.168,11.985
0,13078968,postcss/postcss,TypeScript,554.0,10535.0,372.0,2617,1.85,8.963
0,541269386,ggerganov/whisper.cpp,C,409.0,10718.0,239.0,491,2.105,18.116
0,2579314,fzaninotto/Faker,PHP,774.0,10094.0,386.0,3300,7.517,24.857
0,307489284,remix-run/remix,TypeScript,3.0,43403.0,434.4330467010137,359,7.567,1.6
0,74260508,docsifyjs/docsify,JavaScript,230.0,30479.0,172.0,2406,5.028,8.343
0,302603001,qier222/YesPlayMusic,Vue,234.0,47116.439287332054,55.0,1050,4.127,9.55
0,63484632,facebookresearch/fastText,HTML,7.0,8311.0,53.0,34,4.331,2.178
0,94061307,vadimdemedes/ink,TypeScript,196.0,1538.0,95.0,2343,2.618,8.501
0,172521926,pmndrs/react-three-fiber,TypeScript,462.0,24140.0,192.0,1801,3.816,4.75
0,103784142,MonitorControl/MonitorControl,Swift,146.0,29834.0,70.0,1522,3.996,8.275
0,211124697,deezer/spleeter,Python,49.0,9615.0,14.0,1287,3.216,6.668
0,4307108,nsqio/nsq,Go,656.0,14138.0,110.0,4245,2.741,29.423
0,23069399,mdbootstrap/mdb-ui-kit,SCSS,161.0,47116.439287332054,95.0,2208,2.482,6.714
0,3602123,hammerjs/hammer.js,JavaScript,101.0,10221.0,78.0,2643,2.08,2.458
0,995750,VundleVim/Vundle.vim,Vim Script,81.0,940.0,57.0,4688,2.944,7.357
0,67836789,tokio-rs/tokio,Rust,1767.99642505707,12966.0,434.4330467010137,2704,7.539,39.70675109302316
0,308770,heartcombo/devise,Ruby,723.0,5846.0,377.0,4403,8.041,18.833
0,64700934,OpenZeppelin/openzeppelin-contracts,JavaScript,1767.99642505707,38999.0,400.0,2744,6.425,39.70675109302316
0,669686044,karpathy/llama2.c,C,120.0,1183.0,74.0,78,2.286,8.949
0,66156850,TheAlgorithms/Go,Go,342.0,2402.0,161.0,2716,5.624,25.027
0,41179827,Rapptz/discord.py,Python,1217.0,20271.0,358.0,3080,3.746,27.14
0,122775780,psf/requests-html,Python,74.0,2981.0,59.0,1863,1.692,5.792
0,14681876,codelucas/newspaper,Python,144.0,18349.0,86.0,2404,1.767,6.565
0,30136107,pandao/editor.md,JavaScript,19.0,16106.0,19.0,1553,1.733,3.476
0,131789494,wuyouzhuguli/SpringAll,Java,1.0,1069.0,2.0,566,1.0,0.8
0,88876034,TKkk-iOSer/WeChatPlugin-MacOS,Objective-C,6.0,25525.0,6.0,632,1.259,3.129
0,8538132,designmodo/Flat-UI,JavaScript,34.0,36190.0,28.0,1708,2.9,3.022
0,14164618,tree-sitter/tree-sitter,Rust,734.0,15546.0,193.0,3745,4.463,12.366
0,71551629,carloscuesta/gitmoji,TypeScript,956.0,7267.0,101.0,2659,5.453,15.507
0,77419377,bcicen/ctop,Go,73.0,3616.0,40.0,2043,2.018,14.08
0,213460285,jasontaylordev/CleanArchitecture,C#,43.0,3734.0,64.0,412,1.447,5.773
0,887025,kriskowal/q,JavaScript,87.0,1428.0,71.0,4029,4.261,6.941
0,40772809,adonisjs/core,TypeScript,6.0,5826.0,58.0,1838,2.099,2.877
0,144624857,checkly/headless-recorder,JavaScript,59.0,12114.0,21.0,1162,2.209,2.37
0,51356720,gpujs/gpu.js,JavaScript,22.0,20529.0,45.0,2239,1.822,3.901
0,2609642,feathersjs/feathers,TypeScript,359.0,36303.0,229.0,3211,2.282,14.744
0,43797718,acdlite/recompose,JavaScript,246.0,1325.0,97.0,1153,3.579,13.354
0,141910081,faressoft/terminalizer,JavaScript,23.0,3991.0,8.0,1819,1.886,2.307
0,88760614,automerge/automerge-classic,JavaScript,93.0,4047.0,60.0,1117,4.082,7.617
0,193885464,woltapp/blurhash,C,80.0,12240.0,63.0,1680,3.428,3.906
0,34275705,redox-os/redox,Shell,532.0,8027.0,82.0,1138,4.748,22.702
0,179152420,wistbean/learn_python3_spider,Python,7.0,22644.0,8.0,1067,1.247,2.102
0,119190187,gitleaks/gitleaks,Go,453.0,5200.0,153.0,2196,5.61,11.432
0,48764652,react-native-maps/react-native-maps,Objective-C,777.0,7134.0,424.0,2958,9.119934622064772,17.609
0,465303307,samber/lo,Go,132.0,2995.0,82.0,640,3.492,23.695
0,11323319,erusev/parsedown,PHP,113.0,1490.0,39.0,2386,2.885,13.178
0,931039,browserify/browserify,JavaScript,225.0,2495.0,170.0,4204,8.898,16.43
0,172227885,tiangolo/full-stack-fastapi-postgresql,TypeScript,77.0,953.0,21.0,1804,2.202,5.319
0,6207167,mockito/mockito,Java,249.0,47116.439287332054,280.0,2207,6.725,8.411
0,62607227,yangshun/tech-interview-handbook,TypeScript,181.0,31488.0,153.0,2265,3.417,16.069
0,23088740,axios/axios,JavaScript,520.0,13486.0,412.0,2839,7.371,36.782
0,63537249,facebook/create-react-app,JavaScript,1658.0,25222.0,434.4330467010137,1813,3.981,20.818
0,74791366,ryanmcdermott/clean-code-javascript,JavaScript,148.0,520.0,106.0,2094,3.558,37.123
0,88464704,PanJiaChen/vue-element-admin,Vue,305.0,15436.0,112.0,1190,2.95,8.156
0,52631841,gothinkster/realworld,TypeScript,184.0,36885.0,80.0,1943,4.846,7.817
0,1861458,hakimel/reveal.js,JavaScript,220.0,23948.0,303.0,4626,4.683,4.084
0,257485422,vitejs/vite,TypeScript,272.0,34212.0,434.4330467010137,249,5.3,19.347
0,157397583,mswjs/msw,TypeScript,347.0,10523.0,129.0,1127,2.308,22.307
0,6094683,angular-ui/bootstrap,JavaScript,64.0,9938.0,359.0,1834,4.606,6.592
0,69673033,ardalis/CleanArchitecture,C#,48.0,2986.0,53.0,1660,3.037,6.873
0,658364446,Lissy93/web-check,TypeScript,15.0,19453.0,9.0,81,1.529,3.615
0,278335273,anuraghazra/github-readme-stats,JavaScript,1050.0,3812.0,265.0,1307,6.362,34.806
0,237159,expressjs/express,JavaScript,222.0,9098.0,273.0,5207,6.918,6.624
0,81975372,kdn251/interviews,Java,40.0,24091.0,28.0,564,1.901,3.698
0,3402537,h5bp/Front-end-Developer-Interview-Questions,Nunjucks,367.0,5861.0,226.0,3393,5.216,9.638
0,37038121,go-acme/lego,Go,884.0,13676.0,347.0,3165,3.997,8.564
0,27082457,HIPS/autograd,Python,134.0,16162.0,51.0,3278,3.399,13.45
0,431433455,phoboslab/qoi,C,111.0,221.0,79.0,785,2.354,28.81
0,18495400,StackExchange/blackbox,Go,172.0,692.0,92.0,3572,2.748,7.06
0,121746465,eddycjy/go-gin-example,Go,3.0,23567.0,4.0,808,1.031,2.55
0,56919458,shentao/vue-multiselect,JavaScript,182.0,12797.0,85.0,2741,5.757,10.754
0,317380990,PeterL1n/BackgroundMattingV2,Python,5.0,2873.0,5.0,1116,1.2,1.76
0,211238195,taniarascia/takenote,TypeScript,251.0,11072.0,68.0,692,2.877,12.443
0,97034042,Tyrrrz/DiscordChatExporter,C#,115.0,2822.0,48.0,2393,2.602,13.858
0,7922549,flightjs/flight,JavaScript,139.0,652.0,50.0,1597,2.667,6.641
0,12320895,TalAter/annyang,JavaScript,65.0,1472.0,35.0,3277,2.779,7.808
0,185419470,kkuchta/css-only-chat,Ruby,3.0,21.0,3.0,27,1.106,2.2
0,10696042,davidjbradshaw/iframe-resizer,JavaScript,161.0,6267.0,90.0,3804,3.268,5.833
0,289423198,snapshot-labs/snapshot,Vue,169.0,24230.0,106.0,1263,5.115,6.222
0,17300388,qvacua/vimr,Swift,22.0,36579.0,33.0,3572,2.677,3.406
0,267713284,projectdiscovery/httpx,Go,93.0,9869.0,72.0,883,4.885,15.504
0,5160706,bkeepers/dotenv,Ruby,197.0,618.0,101.0,4202,4.156,22.507
0,130471182,huri000/SwiftEntryKit,Swift,92.0,46240.0,24.0,1275,3.289,9.643
0,6602323,MikeMcl/bignumber.js,JavaScript,36.0,4729.0,27.0,4037,1.946,4.075
0,4551765,thephpleague/oauth2-server,PHP,212.0,14477.0,130.0,4174,4.596,4.022
0,150902883,2d-inc/HistoryOfEverything,Dart,4.0,10469.0,5.0,149,1.563,1.688
0,141060161,cantino/mcfly,Rust,116.0,10687.0,58.0,1989,2.929,10.321
0,190189702,SwiftUIX/SwiftUIX,Swift,114.0,3317.0,42.0,1707,3.024,6.941
0,13112745,prerender/prerender,JavaScript,106.0,792.0,59.0,3443,2.14,13.258
0,165670309,TanStack/router,TypeScript,1.0,10726.0,181.0,549,1.871,0.8
0,290373506,lucidrains/denoising-diffusion-pytorch,Python,3.0,2522.0,18.0,672,1.479,1.66
0,137444487,mwouts/jupytext,Python,356.0,27278.0,78.0,1195,5.277,19.511
0,524305,mattn/emmet-vim,Vim script,86.0,1364.0,74.0,4307,1.699,5.849
0,6047189,electerious/Lychee,PHP,47.0,5917.0,30.0,2574,2.485,8.937
0,54109344,charlax/engineering-management,Shell,15.0,2431.0,12.0,2666,1.62,9.05
0,45655949,jaredreich/notie,JavaScript,10.0,11399.0,9.0,154,1.186,3.421
0,48266773,lockfale/OSINT-Framework,JavaScript,125.0,1521.0,62.0,2947,3.015,5.313
0,9934117,phoboslab/jsmpeg,JavaScript,13.0,1634.0,12.0,2546,1.427,3.452
0,47120661,hirak/prestissimo,PHP,106.0,3573.0,32.0,1794,1.479,11.376
0,292087234,BtbN/FFmpeg-Builds,Shell,29.0,840.0,20.0,1128,2.042,5.263
0,193393505,nodegui/react-nodegui,TypeScript,136.0,9473.0,28.0,1198,3.514,9.377
0,78369010,webslides/WebSlides,JavaScript,13.0,3301.0,13.0,1336,2.877,2.808
0,113038033,yuk7/ArchWSL,Makefile,26.0,347.0,11.0,2202,2.278,8.118
0,124708624,dinerojs/dinero.js,TypeScript,3.0,6738.0,16.0,39,1.825,1.853
0,84671793,redux-offline/redux-offline,JavaScript,18.0,5630.0,51.0,239,3.957,3.408
0,24810740,golden-layout/golden-layout,JavaScript,151.0,7936.0,71.0,2848,3.078,8.166
0,10934235,snare/voltron,Python,68.0,1704.0,19.0,2775,2.393,8.487
0,108510101,FaisalUmair/udemy-downloader-gui,JavaScript,44.0,3773.0,30.0,1019,2.486,6.456
0,19340009,daimajia/NumberProgressBar,Java,11.0,158.0,10.0,1166,1.327,3.166
0,29966381,riccardoscalco/textures,JavaScript,65.0,5985.0,10.0,2551,1.344,11.063
0,18371175,MikeMcl/decimal.js,JavaScript,22.0,8741.0,19.0,3167,2.634,3.382
0,230599151,rxi/lite,Lua,10.0,10262.0,10.0,378,1.21,3.826
0,2328523,casperjs/casperjs,JavaScript,380.0,7757.0,164.0,2349,6.82,11.405
0,41103286,lbryio/lbry-sdk,Python,1494.0,23759.0,87.0,2713,4.593,32.573
0,43098836,jorgebucaran/fisher,Shell,76.0,1578.0,66.0,1767,5.595,8.977
0,98770076,isomorphic-git/isomorphic-git,JavaScript,469.0,44167.0,83.0,1135,2.504,22.723
0,738250,NancyFx/Nancy,C#,1240.0,45465.0,252.0,3593,2.848,21.054
0,12721303,CEWendel/SWTableViewCell,Objective-C,56.0,2900.0,33.0,630,2.263,5.659
0,54435102,benthosdev/benthos,Go,331.0,28398.0,201.0,2189,5.795,17.939
0,49820627,software-mansion/react-native-svg,Java,187.0,19695.0,188.0,2235,3.305,4.866
0,26390092,deepstreamIO/deepstream.io,TypeScript,239.0,10859.0,29.0,3270,2.718,12.978
0,32222044,erincatto/box2d,C++,65.0,14923.0,15.0,2482,1.4,3.692
0,611562,holman/dotfiles,Shell,107.0,562.0,73.0,3221,3.33,9.078
0,71133469,reviewdog/reviewdog,Go,1248.0,4096.0,92.0,2668,2.373,39.70675109302316
0,16602433,1j01/jspaint,JavaScript,5.0,18759.0,11.0,3647,1.688,1.705
0,22355214,remarkjs/remark,JavaScript,80.0,13147.0,113.0,2141,1.713,5.842
0,81572885,WenchaoD/FSPagerView,Swift,10.0,2105.0,8.0,1831,1.39,2.622
0,261943,middleman/middleman,Ruby,640.0,23430.0,166.0,4942,2.992,15.295
0,28468993,curlconverter/curlconverter,TypeScript,250.0,3048.0,35.0,3330,2.907,23.108
0,98823234,Bogdan-Lyashenko/js-code-to-svg-flowchart,JavaScript,6.0,14235.0,8.0,1666,1.361,1.716
0,73470551,tkipf/gcn,Python,10.0,5210.0,9.0,1415,1.331,3.997
0,12631084,HubSpot/vex,CSS,41.0,3137.0,28.0,1633,2.497,5.304
0,1762028,BlocksKit/BlocksKit,Objective-C,69.0,5860.0,54.0,1710,3.959,4.719
0,343533419,charmbracelet/lipgloss,Go,119.0,332.0,24.0,1068,2.942,9.625
0,56192185,apollographql/react-apollo,JavaScript,1767.99642505707,16475.0,181.0,2555,5.498,18.735
0,141827644,RockstarLang/rockstar,JavaScript,85.0,1927.0,49.0,1196,2.011,7.36
0,65616765,gokcehan/lf,Go,314.0,1685.0,88.0,2731,1.64,23.269
0,16907502,fatih/color,Go,55.0,2041.0,33.0,2858,2.165,5.407
0,443977141,HigherOrderCO/HVM,Rust,90.0,4701.0,41.0,762,2.109,7.995
0,22720859,mailgun/transactional-email-templates,HTML,6.0,215.0,5.0,2737,1.266,2.657
0,101609772,rough-stuff/wired-elements,TypeScript,44.0,1917.0,12.0,1527,1.883,7.321
0,273132277,moonD4rk/HackBrowserData,Go,48.0,10845.0,19.0,1300,1.366,6.32
0,6036101,adamwdraper/Numeral-js,JavaScript,48.0,1103.0,46.0,1637,1.818,6.105
0,3342055,nodejs/node-gyp,Python,189.0,5222.0,222.0,3750,4.995,3.579
0,86840811,buefy/buefy,Vue,16.0,31540.0,363.0,2468,9.119934622064772,2.542
0,1963063,Automattic/kue,JavaScript,140.0,6432.0,100.0,2907,1.809,3.31
0,91054480,rs/zerolog,Go,207.0,1354.0,141.0,2459,5.47,9.302
0,275386910,soxoj/maigret,Python,5.0,5588.0,29.0,84,2.589,2.735
0,63760777,mdbootstrap/material-design-for-bootstrap,JavaScript,19.0,11631.0,19.0,1478,4.115,5.207
0,95492797,alexanderepstein/Bash-Snippets,Shell,93.0,4188.0,43.0,2199,3.815,7.151
0,275604,resque/resque,Ruby,410.0,2597.0,234.0,5120,5.917,22.391
0,92648433,gwuhaolin/livego,Go,32.0,2614.0,19.0,1935,2.908,4.991
0,614258120,josStorer/chatGPTBox,JavaScript,67.0,3074.0,31.0,321,1.833,5.234
0,2902935,moovweb/gvm,Shell,102.0,795.0,67.0,4272,3.356,7.902
0,2791348,jprichardson/node-fs-extra,JavaScript,231.0,1250.0,84.0,4412,2.568,16.92
0,3951767,phpDocumentor/ReflectionDocBlock,PHP,172.0,1198.0,47.0,4206,4.541,12.561
0,40724813,junegunn/fzf.vim,Vim Script,133.0,795.0,89.0,2974,3.03,20.887
0,622166,FriendsOfPHP/Goutte,PHP,97.0,2977.0,67.0,4727,2.994,9.498
0,173675448,EtherDream/jsproxy,Shell,2.0,2889.0,3.0,81,1.042,1.6
0,59187489,listen1/listen1_desktop,JavaScript,37.0,737.0,8.0,2202,1.435,10.862
0,154542095,facebookresearch/maskrcnn-benchmark,Python,196.0,6842.0,79.0,392,4.713,11.141
0,86337343,skypjack/entt,C++,29.0,35132.0,71.0,1214,2.623,3.478
0,41589439,MathewSachin/Captura,C#,208.0,5730.0,46.0,1703,2.242,23.1
0,113115495,wulabing/Xray_onekey,Shell,9.0,2924.0,9.0,1170,1.592,3.647
0,31295421,guzzle/psr7,PHP,212.0,1073.0,86.0,2964,4.526,12.87
0,6750158,mgechev/javascript-algorithms,JavaScript,103.0,4172.0,44.0,3770,1.66,7.851
0,52287768,dthree/cash,JavaScript,37.0,368.0,17.0,603,2.661,8.185
0,12332444,onsi/ginkgo,Go,356.0,7476.0,171.0,3819,7.415,26.558
0,16650937,expressjs/morgan,JavaScript,9.0,242.0,20.0,2255,2.385,3.754
0,6098927,robertkrimen/otto,Go,141.0,2241.0,55.0,4102,3.166,6.778
0,24120252,vladikoff/chromeos-apk,JavaScript,18.0,96.0,10.0,2284,1.224,4.793
0,282637924,nilaoda/BBDown,C#,54.0,17418.0,18.0,1205,2.344,8.725
0,81226206,karatelabs/karate,Java,35.0,26060.0,94.0,2540,4.179,4.078
0,95970824,FullHuman/purgecss,TypeScript,279.0,19937.0,74.0,1492,3.11,8.619
0,104670977,dvf/blockchain,C#,20.0,127.0,11.0,592,1.495,3.687
0,111790807,thx/rap2-delos,TypeScript,23.0,512.0,20.0,1384,3.013,4.222
0,72754695,styled-components/polished,JavaScript,221.0,10844.0,75.0,1395,4.252,18.568
0,75629834,vercel/styled-jsx,JavaScript,182.0,2554.0,75.0,1872,5.254,13.927
0,192154202,ChrisAnd1998/TaskbarX,Visual Basic .NET,11.0,38931.0,8.0,1207,1.662,2.613
0,72523920,cupy/cupy,Python,1767.99642505707,40115.0,292.0,2311,9.119934622064772,39.151
0,112321084,Raathigesh/majestic,TypeScript,85.0,9970.0,29.0,1314,1.628,7.379
0,171410703,reactive-python/reactpy,Python,156.0,22380.0,21.0,578,1.543,8.545
0,95196818,gregberge/loadable-components,JavaScript,183.0,9312.0,104.0,1313,4.468,8.621
0,10166531,mitchellh/mapstructure,Go,75.0,366.0,53.0,3258,2.479,18.959
0,224841533,Vanessa219/vditor,TypeScript,42.0,25537.0,47.0,1503,3.432,3.41
0,49316177,wuchangming/spy-debugger,JavaScript,3.0,6969.0,4.0,1650,1.387,2.1
0,52710065,all-contributors/all-contributors,HTML,321.0,16593.0,96.0,2711,5.435,7.372
0,9983223,dtao/lazy.js,JavaScript,37.0,4151.0,27.0,1361,2.014,6.668
0,165092572,go-echarts/go-echarts,Go,152.0,3450.0,41.0,1854,2.414,8.816
0,38602457,graphql-java/graphql-java,Java,1397.0,14073.0,210.0,3138,5.151,34.571
0,142908872,axa-group/nlp.js,JavaScript,700.0,33209.0,61.0,1759,3.113,7.092
0,368683828,golang-jwt/jwt,Go,5.0,2044.0,97.0,9,3.402,2.623
0,65017574,botman/botman,PHP,253.0,1495.0,98.0,1385,3.662,10.076
0,136570231,stride3d/stride,C#,651.0,31735.0,113.0,2061,2.206,8.653
0,87750994,notwaldorf/tiny-care-terminal,JavaScript,61.0,305.0,30.0,1119,1.637,8.48
0,5746658,PRML/PRMLT,MATLAB,18.0,506.0,3.0,2008,1.157,5.136
0,41578337,nathancahill/split,JavaScript,274.0,2822.0,32.0,2866,2.5,10.882
0,85095608,airbnb/visx,TypeScript,596.0,15344.0,147.0,2518,6.406,13.785
0,41717707,jcjohnson/neural-style,Lua,16.0,47116.439287332054,12.0,364,1.671,2.325
0,1223029,tj/n,Shell,118.0,3308.0,79.0,4129,2.245,14.546
0,114938943,NginxProxyManager/nginx-proxy-manager,JavaScript,78.0,12077.0,125.0,2222,4.618,7.51
0,13807606,junegunn/fzf,Go,421.0,5443.0,233.0,3755,3.546,12.507
0,486550,h5bp/html5-boilerplate,JavaScript,495.0,22356.0,250.0,4224,5.854,30.81
0,71220757,swisskyrepo/PayloadsAllTheThings,Python,505.0,21361.0,259.0,2635,3.994,9.408
0,612354784,ggerganov/llama.cpp,C++,1692.0,20225.0,434.4330467010137,334,5.067,37.437
0,62367558,vercel/hyper,TypeScript,478.0,22780.0,260.0,2718,3.065,11.646
0,254832799,Z4nzu/hackingtool,Python,52.0,1373.0,35.0,1281,2.304,4.651
0,281975310,type-challenges/type-challenges,TypeScript,300.0,2801.0,206.0,634,3.821,4.352
0,207645083,TanStack/query,TypeScript,786.0,40724.0,434.4330467010137,991,3.911,9.535
0,5923215,hexojs/hexo,JavaScript,835.0,5671.0,170.0,4144,4.925,29.839
0,90563585,chubin/cheat.sh,Python,122.0,4558.0,48.0,1806,2.089,13.599
0,61137153,evanw/esbuild,Go,201.0,16962.0,103.0,2363,1.838,18.695
0,42283287,preactjs/preact,JavaScript,1307.0,15191.0,307.0,2858,7.224,14.345
0,38558578,nativefier/nativefier,TypeScript,222.0,6372.0,130.0,2973,2.314,10.095
0,2329766,mathiasbynens/dotfiles,Shell,42.0,836.0,120.0,3132,2.893,10.122
0,30969188,react-boilerplate/react-boilerplate,JavaScript,223.0,8943.0,183.0,1544,3.74,8.965
0,5405654,pcottle/learnGitBranching,JavaScript,410.0,30933.0,263.0,3170,2.86,16.974
0,95876775,elsewhencode/project-guidelines,JavaScript,113.0,493.0,66.0,1901,3.715,8.989
0,13584262,webtorrent/webtorrent,JavaScript,808.0,27586.0,161.0,3764,1.646,14.402
0,33041711,ryanhanwu/How-To-Ask-Questions-The-Smart-Way,JavaScript,72.0,439.0,49.0,2129,4.207,22.771
0,42920477,layui/layui,JavaScript,31.0,11661.0,49.0,2084,1.704,4.943
0,168008797,microsoft/calculator,C++,626.0,36934.0,90.0,1231,3.956,19.885
0,61929586,shengxinjing/programmer-job-blacklist,Shell,16.0,329.0,14.0,953,1.909,8.265
0,164574693,qishibo/AnotherRedisDesktopManager,JavaScript,122.0,4732.0,29.0,1854,2.153,16.405
0,6247705,stretchr/testify,Go,397.0,1462.0,213.0,4114,9.119934622064772,15.549
0,8768406,postcss/autoprefixer,JavaScript,241.0,8054.0,177.0,2814,3.565,15.536
0,11393110,urfave/cli,Go,468.0,11100.0,242.0,3326,6.612,11.931
0,39122628,git-tips/tips,JavaScript,139.0,393.0,68.0,2848,1.917,17.022
0,1376664,Seldaek/monolog,PHP,494.0,4640.0,397.0,3475,7.904,37.912
0,143615438,MLEveryday/100-Days-Of-ML-Code,Jupyter Notebook,42.0,44918.0,19.0,1339,2.395,4.017
0,16072585,phoenixframework/phoenix,Elixir,1767.99642505707,21409.0,434.4330467010137,3327,5.549,16.946
0,53133861,nikitavoloboev/config,Shell,16.0,12286.0,1.0,1762,0.5,4.859
0,242754476,tailwindlabs/heroicons,JavaScript,52.0,3006.0,28.0,1393,3.33,5.459
0,150042589,nostalgic-css/NES.css,SCSS,41.0,4745.0,56.0,449,3.86,5.355
0,45942274,enzymejs/enzyme,JavaScript,645.0,7851.0,335.0,2680,1.956,19.853
0,18442377,lewagon/dotfiles,Shell,46.0,213.0,22.0,3162,2.474,3.709
0,226726247,wenyan-lang/wenyan,TypeScript,154.0,47116.439287332054,56.0,792,2.173,9.369
0,15116946,vuejs/vue-router,JavaScript,19.0,11972.0,276.0,932,5.737,3.182
0,38366638,reduxjs/reselect,TypeScript,160.0,4859.0,99.0,3130,5.515,10.506
0,61421257,eggjs/egg,JavaScript,1064.0,10109.0,204.0,2776,4.033,25.4
0,3755875,Prinzhorn/skrollr,HTML,34.0,1659.0,24.0,1187,2.666,3.404
0,40808571,yudai/gotty,Go,33.0,6932.0,20.0,849,1.146,3.831
0,50418153,you-dont-need/You-Dont-Need-Lodash-Underscore,JavaScript,224.0,740.0,131.0,2848,4.853,20.695
0,26682105,darkreader/darkreader,TypeScript,1767.99642505707,32217.0,430.0,2787,5.834,33.775
0,385637027,movie-web/movie-web,TypeScript,91.0,7302.0,101.0,927,2.728,6.679
0,118945118,antonmedv/fx,Go,32.0,4427.0,23.0,2068,2.6,2.83
0,75158620,lin-xin/vue-manage-system,Vue,37.0,3211.0,5.0,1962,1.109,5.64
0,19463625,nginx-proxy/nginx-proxy,Python,184.0,1268.0,121.0,2523,5.817,4.945
0,809601,handlebars-lang/handlebars.js,JavaScript,280.0,4058.0,174.0,4883,4.155,8.675
0,2881789,geekcomputers/Python,Python,1268.0,36577.0,408.0,4440,3.161,16.471
0,218115303,vercel/swr,TypeScript,452.0,3392.0,167.0,757,7.031,21.877
0,582822129,karpathy/nanoGPT,Python,39.0,935.0,31.0,176,2.105,5.599
0,186024298,nushell/nushell,Rust,1121.0,40840.0,417.0,422,6.643,27.021
0,39176269,vuejs/vuex,JavaScript,103.0,16717.0,310.0,585,8.705,9.412
0,18049133,kenwheeler/slick,JavaScript,235.0,3714.0,133.0,3018,3.137,16.636
0,1864363,composer/composer,PHP,1767.99642505707,26355.0,383.0,3780,6.71,39.70675109302316
0,698041,caolan/async,JavaScript,493.0,7415.0,235.0,4993,3.351,11.497
0,54994103,floating-ui/floating-ui,TypeScript,849.0,38613.0,88.0,2866,4.254,10.058
0,31504491,labstack/echo,Go,537.0,6343.0,254.0,3264,3.05,21.416
0,18369373,spf13/viper,Go,376.0,1295.0,159.0,3596,2.484,18.774
0,181807583,haizlin/fe-interview,JavaScript,8.0,7281.0,6.0,332,1.153,3.055
0,20270252,feathericons/feather,JavaScript,102.0,16140.0,43.0,3219,2.65,5.637
0,45723377,charlax/professional-programming,Python,30.0,4706.0,27.0,2851,1.444,12.929
0,77144337,openfaas/faas,Go,674.0,27833.0,163.0,2575,6.292,6.879
0,33569135,ReactiveX/RxSwift,Swift,20.0,16233.0,336.0,1988,5.652,2.951
0,299482335,withfig/autocomplete,TypeScript,1414.0,27448.0,407.0,1226,9.119934622064772,18.324
0,49910095,vapor/vapor,Swift,746.0,16740.0,229.0,1872,3.918,19.489
0,71487058,TanStack/table,TypeScript,416.0,22399.0,378.0,1864,3.017,17.62
0,53632140,zyedidia/micro,Go,614.0,12835.0,261.0,2868,3.187,9.374
0,10851820,ramda/ramda,JavaScript,1291.0,8209.0,300.0,3850,8.148,18.669
0,74073233,keon/algorithms,Python,430.0,1468.0,184.0,2636,4.081,29.493
0,195226340,goldbergyoni/javascript-testing-best-practices,JavaScript,141.0,10417.0,68.0,1259,4.051,14.429
0,122734569,iawia002/lux,Go,276.0,2527.0,95.0,2140,4.016,10.473
0,1377867,locustio/locust,Python,749.0,16825.0,253.0,4737,4.42,23.459
0,144590939,VSCodium/vscodium,Shell,380.0,29971.0,100.0,1994,5.118,12.054
0,80990461,eriklindernoren/ML-From-Scratch,Python,9.0,553.0,6.0,985,1.094,3.358
0,14812739,libuv/libuv,C,48.0,16037.0,434.4330467010137,3643,5.191,9.256
0,3757512,balderdashy/sails,JavaScript,412.0,13180.0,223.0,4323,3.596,10.132
0,401025,mislav/hub,Go,354.0,7336.0,222.0,4945,4.142,4.792
0,99401299,ai/nanoid,JavaScript,104.0,4887.0,119.0,1213,3.002,8.985
0,2744972,websockets/ws,JavaScript,481.0,11320.0,173.0,4423,3.568,25.362
0,44998092,JohnCoates/Aerial,Swift,216.0,19668.0,53.0,2942,3.394,8.382
0,142187665,HarisIqbal88/PlotNeuralNet,TeX,11.0,2269.0,10.0,835,2.034,2.666
0,18351848,typicode/lowdb,JavaScript,54.0,1396.0,36.0,2435,1.133,4.665
0,26820798,avajs/ava,JavaScript,875.0,14106.0,301.0,2271,2.062,22.674
0,52034309,uber-go/zap,Go,478.0,1578.0,129.0,2909,4.907,31.413
0,124171501,Meituan-Dianping/mpvue,JavaScript,35.0,8393.0,127.0,516,2.466,6.971
0,12670444,petkaantonov/bluebird,JavaScript,285.0,15385.0,212.0,3377,5.754,4.327
0,46622323,camsong/You-Dont-Need-jQuery,JavaScript,166.0,727.0,81.0,2699,2.595,15.073
0,15570122,chriskiehl/Gooey,Python,82.0,4269.0,82.0,3048,2.167,6.933
0,5508088,svg/svgo,JavaScript,363.0,5360.0,188.0,3393,4.34,12.738
0,3606624,ReactiveCocoa/ReactiveCocoa,Swift,923.0,17092.0,203.0,4121,9.119934622064772,13.863
0,38307428,graphql/graphql-js,TypeScript,1645.0,21884.0,187.0,2033,7.012,25.64
0,48795298,dylanaraps/neofetch,Shell,746.0,8005.0,182.0,2169,4.923,12.972
0,193526915,dandavison/delta,Rust,506.0,10098.0,119.0,1609,4.143,30.122
0,478584,jsdom/jsdom,JavaScript,808.0,42288.0,290.0,4876,5.995,13.962
0,26784827,dotnet/core,PowerShell,1164.0,29285.0,323.0,2284,5.191,20.237
0,62104779,SortableJS/Vue.Draggable,JavaScript,49.0,15158.0,29.0,1579,3.963,3.61
0,106024057,pyg-team/pytorch_geometric,Python,1767.99642505707,18114.0,425.0,2314,5.56,39.70675109302316
0,197018189,xyflow/xyflow,TypeScript,131.0,34414.0,75.0,431,3.178,12.111
0,261279710,facebookexperimental/Recoil,JavaScript,17.0,47116.439287332054,100.0,24,4.754,3.164
0,95412229,PanJiaChen/vue-admin-template,JavaScript,28.0,1013.0,11.0,1096,1.451,4.372
0,32665718,railsware/upterm,TypeScript,288.0,7811.0,58.0,1452,3.958,13.254
0,15150300,tobiasahlin/SpinKit,CSS,50.0,265.0,16.0,2147,1.83,6.619
0,27291507,asdf-vm/asdf,Shell,661.0,2943.0,211.0,3336,5.046,24.509
0,24063576,semantic-release/semantic-release,JavaScript,621.0,6041.0,209.0,3431,5.284,14.869
0,148641954,TheAlgorithms/Rust,Rust,450.0,954.0,201.0,1972,6.856,39.70675109302316
0,28538501,react-grid-layout/react-grid-layout,JavaScript,195.0,16436.0,109.0,3254,3.369,10.854
0,79527893,jorgebucaran/hyperapp,JavaScript,233.0,6936.0,99.0,1311,2.189,10.585
0,50726688,spaceship-prompt/spaceship-prompt,Shell,368.0,10151.0,164.0,2809,3.51,7.04
0,90356372,ArchiveBox/ArchiveBox,Python,129.0,7496.0,104.0,1463,2.205,5.237
0,16989371,MagicMirrorOrg/MagicMirror,JavaScript,82.0,23065.0,307.0,3602,5.785,15.576
0,280363952,umami-software/umami,TypeScript,215.0,12092.0,218.0,1244,3.586,14.658
0,38565895,reduxjs/redux-devtools,TypeScript,356.0,31464.0,101.0,2255,5.362,17.1
0,64705781,SwifterSwift/SwifterSwift,Swift,581.0,16213.0,152.0,2737,4.284,27.947
0,44869078,zalmoxisus/redux-devtools-extension,JavaScript,94.0,11615.0,64.0,1579,2.383,8.321
0,245166720,ajeetdsouza/zoxide,Rust,40.0,2362.0,61.0,373,3.35,7.584
0,40217904,swaywm/sway,C,1767.99642505707,29688.0,395.0,3106,9.119934622064772,39.70675109302316
0,79509385,danilowoz/react-content-loader,TypeScript,123.0,7118.0,45.0,2242,1.843,11.403
0,93076012,schickling/chromeless,TypeScript,88.0,1088.0,41.0,424,4.172,9.519
0,8708394,filp/whoops,PHP,291.0,1695.0,128.0,3888,4.356,15.276
0,182095352,nilaoda/N_m3u8DL-CLI,C#,11.0,6399.0,9.0,1218,1.418,2.89
0,194027578,alibaba/hooks,TypeScript,624.0,9517.0,209.0,1680,5.614,15.501
0,2945088,revel/revel,Go,102.0,2827.0,129.0,2480,3.298,5.216
0,7323572,davidshimjs/qrcodejs,JavaScript,16.0,130.0,14.0,1064,2.044,3.708
0,68125931,ShangtongZhang/reinforcement-learning-an-introduction,Python,49.0,6162.0,28.0,1871,1.347,6.613
0,46180504,FaridSafi/react-native-gifted-chat,TypeScript,388.0,47116.439287332054,185.0,2819,6.705,10.382
0,30444489,jbranchaud/til,Vim Script,16.0,2190.0,16.0,2000,1.598,10.5
0,17618901,Tonejs/Tone.js,TypeScript,13.0,28341.0,89.0,1103,3.345,1.885
0,46041284,VSCodeVim/Vim,TypeScript,1767.99642505707,19781.0,345.0,3008,9.119934622064772,39.70675109302316
0,24993138,google/brotli,TypeScript,539.0,37299.0,97.0,3393,3.461,20.748
0,1136075,cubiq/iscroll,JavaScript,44.0,1586.0,11.0,2217,1.611,4.975
0,190964861,gyoogle/tech-interview-for-developer,Java,129.0,6706.0,71.0,1694,2.803,5.281
0,1685764,dhg/Skeleton,CSS,24.0,6398.0,19.0,1337,1.825,2.271
0,3428345,ftlabs/fastclick,HTML,67.0,322.0,44.0,2558,2.511,5.006
0,126365965,linlinjava/litemall,Java,96.0,24595.0,60.0,1955,3.136,6.136
0,7363211,knex/knex,JavaScript,1432.0,45644.0,434.4330467010137,3990,9.119934622064772,26.067
0,125863507,testing-library/react-testing-library,JavaScript,327.0,1609.0,166.0,1130,3.023,23.717
0,285508823,rescript-association/rescript-lang.org,MDX,480.0,13997.0,156.0,1278,6.352,16.169
0,11394510,PaulTaykalo/objc-dependency-visualizer,JavaScript,21.0,1877.0,5.0,1551,1.282,4.087
0,5397873,toorshia/justgage,JavaScript,48.0,3329.0,27.0,3927,2.362,5.565
0,62021805,testshallpass/react-native-dropdownalert,TypeScript,83.0,36533.0,23.0,2070,1.478,7.471
0,130452003,youzan/zan-proxy,TypeScript,57.0,9401.0,15.0,625,2.237,4.911
0,1047351,node-js-libs/node.io,JavaScript,18.0,3248.0,13.0,917,1.913,4.562
0,63375309,danpaquin/coinbasepro-python,Python,90.0,299.0,58.0,2438,3.955,7.714
0,79046698,arzzen/git-quick-stats,Shell,73.0,397.0,39.0,2550,2.243,9.881
0,26732453,louthy/language-ext,C#,195.0,19861.0,82.0,2038,2.888,5.078
0,68254498,cleverhans-lab/cleverhans,Jupyter Notebook,616.0,9369.0,109.0,2329,3.612,14.492
0,14075080,roots/bedrock,PHP,306.0,847.0,77.0,3743,5.062,27.089
0,31810895,moroshko/react-autosuggest,JavaScript,63.0,8592.0,47.0,2134,3.096,6.247
0,62095504,sdispater/pendulum,Python,171.0,2727.0,90.0,2727,3.013,9.883
0,46386922,angular/flex-layout,TypeScript,353.0,7277.0,56.0,2718,3.81,12.934
0,142967350,reach/reach-ui,TypeScript,193.0,30923.0,141.0,681,4.35,7.108
0,38603315,hiloteam/Hilo,JavaScript,5.0,36305.0,19.0,805,1.487,1.72
0,29703101,raulriera/TextFieldEffects,Swift,25.0,663.0,20.0,2920,2.227,4.45
0,222258954,dstotijn/hetty,Go,21.0,2101.0,8.0,523,1.871,2.865
0,5660085,thephpleague/omnipay,PHP,236.0,1704.0,128.0,4050,3.446,3.181
0,23551107,ghosh/uiGradients,Vue,376.0,5833.0,230.0,1772,5.692,18.673
0,147545986,plantuml-stdlib/C4-PlantUML,PlantUML,99.0,7579.0,29.0,1977,3.262,15.605
0,44409210,RichardLitt/standard-readme,Shell,34.0,103.0,22.0,2610,2.125,4.25
0,143253020,microsoft/FASTER,C#,265.0,9978.0,60.0,1307,3.946,25.173
0,281769216,ixartz/Next-js-Boilerplate,TypeScript,24.0,8545.0,24.0,850,3.256,4.298
0,47025785,SwiftyBeaver/SwiftyBeaver,Swift,156.0,2446.0,74.0,2851,4.259,14.815
0,30329296,matthewmueller/x-ray,JavaScript,58.0,1340.0,37.0,2015,3.038,3.365
0,239760033,sivan/heti,SCSS,53.0,1302.0,11.0,1318,1.772,8.869
0,100464123,microsoft/MMdnn,Python,284.0,37216.0,66.0,1863,2.748,30.088
0,10368942,Grsmto/simplebar,TypeScript,85.0,19997.0,54.0,3624,3.389,3.389
0,72314479,vuejs/vetur,TypeScript,955.0,13255.0,139.0,2302,2.784,21.543
0,103826539,openatx/uiautomator2,Python,39.0,1725.0,29.0,2005,1.996,4.342
0,46879057,langren1353/GM_script,JavaScript,13.0,2947.0,10.0,2945,1.704,3.437
0,7639232,angular/protractor,JavaScript,517.0,9509.0,254.0,2675,4.81,15.407
0,1944156,olivernn/lunr.js,JavaScript,46.0,4095.0,37.0,3344,1.444,3.639
0,4287921,reactphp/reactphp,PHP,145.0,1367.0,33.0,3564,4.054,6.494
0,1713774,TTTAttributedLabel/TTTAttributedLabel,Objective-C,135.0,1653.0,83.0,3384,3.645,13.541
0,148829497,o2sh/onefetch,Rust,249.0,27249.0,121.0,1019,3.564,21.36
0,47524979,guarinogabriel/Mac-CLI,Shell,71.0,11728.0,48.0,2608,1.795,10.213
0,117152902,oclif/oclif,TypeScript,166.0,3911.0,49.0,1427,2.166,6.377
0,64290739,dodyg/practical-aspnetcore,C#,22.0,44622.0,31.0,1287,1.971,4.094
0,66641037,LonamiWebs/Telethon,Python,310.0,8186.0,153.0,2091,5.848,11.404
0,31935508,yiminghe/async-validator,TypeScript,61.0,1128.0,43.0,2716,3.246,3.624
0,190416463,actions/runner-images,PowerShell,420.0,10534.0,257.0,406,4.588,8.864
0,80016159,graphql/graphql-playground,TypeScript,256.0,7888.0,97.0,1544,2.249,10.943
0,976994,pennersr/django-allauth,Python,895.0,11606.0,409.0,4631,4.119,39.70675109302316
0,93565582,howtographql/howtographql,TypeScript,635.0,15528.0,390.0,1603,8.797,12.07
0,40963709,cookpete/react-player,JavaScript,160.0,9099.0,128.0,3088,6.68,6.799
0,1834386,jakesgordon/javascript-state-machine,JavaScript,13.0,1616.0,8.0,2336,1.415,4.127
0,9004802,phpspec/prophecy,PHP,245.0,833.0,105.0,3969,5.452,16.837
0,160466659,DataV-Team/DataV,Vue,9.0,3158.0,7.0,1674,1.367,2.287
0,122728925,terkelg/prompts,JavaScript,105.0,8698.0,59.0,2159,2.216,9.348
0,90433420,MorvanZhou/Reinforcement-learning-with-tensorflow,Python,8.0,438.0,6.0,1910,1.317,3.186
0,173333035,qubvel/segmentation_models.pytorch,Python,103.0,6235.0,46.0,1647,2.562,9.166
0,13597334,shipshapecode/tether,JavaScript,1101.0,8936.0,60.0,3764,4.145,15.699
0,235434204,benbusby/whoogle-search,Python,24.0,2512.0,117.0,229,2.933,5.013
0,206874323,imsnif/bandwhich,Rust,66.0,5308.0,43.0,273,3.988,9.656
0,33041626,hardikvasa/google-images-download,Python,40.0,260.0,31.0,1494,2.491,4.939
0,131236938,drogonframework/drogon,C++,892.0,5423.0,128.0,2112,1.664,26.814
0,148892884,vueComponent/ant-design-vue-pro,Vue,81.0,6775.0,49.0,1412,2.456,5.091
0,1714160,NaturalNode/natural,JavaScript,319.0,13888.0,122.0,4595,3.063,9.32
0,5627682,serbanghita/Mobile-Detect,PHP,100.0,4228.0,92.0,3782,3.11,4.148
0,3476845,JamesNK/Newtonsoft.Json,C#,309.0,26412.0,108.0,4309,4.866,10.522
0,4090287,paulmillr/chokidar,JavaScript,210.0,1753.0,104.0,4305,1.991,17.315
0,64519183,logaretm/vee-validate,TypeScript,525.0,23000.0,327.0,1572,4.601,10.851
0,32219142,chimurai/http-proxy-middleware,TypeScript,206.0,3477.0,31.0,3225,2.136,11.722
0,6810140,gleitz/howdoi,Python,152.0,27738.0,70.0,4061,4.064,4.616
0,31829770,PatrickJS/MFE-starter,JavaScript,394.0,3810.0,178.0,3135,2.206,12.234
0,40092232,mas-cli/mas,Swift,133.0,2868.0,41.0,2104,3.897,10.846
0,75890962,bailicangdu/vue2-happyfri,JavaScript,5.0,5373.0,6.0,752,1.131,1.986
0,648414,jquery-validation/jquery-validation,JavaScript,168.0,8172.0,198.0,4852,2.917,7.413
0,34268496,leecade/react-native-swiper,JavaScript,120.0,9567.0,69.0,1910,2.244,4.115
0,80039696,gcanti/fp-ts,TypeScript,718.0,23119.0,124.0,2559,4.4,20.461
0,10154151,FredrikNoren/ungit,JavaScript,640.0,21116.0,87.0,3915,3.536,12.984
0,13622189,tariqbuilds/linux-dash,JavaScript,168.0,4694.0,82.0,2348,2.737,6.864
0,6936773,php-fig/log,PHP,34.0,67.0,27.0,3148,3.042,4.999
0,102987907,react-static/react-static,JavaScript,530.0,37809.0,221.0,1692,5.264,9.963
0,4030574,ksky521/nodeppt,JavaScript,41.0,26167.0,30.0,3095,2.669,2.571
0,175176201,alexfoxy/lax.js,JavaScript,13.0,5080.0,14.0,657,2.086,2.142
0,43599889,typestack/class-validator,TypeScript,134.0,5669.0,106.0,2624,2.703,7.54
0,43225113,mikefarah/yq,Go,262.0,10921.0,90.0,3055,4.704,8.643
0,123732482,reduxjs/redux-toolkit,TypeScript,672.0,26927.0,316.0,2167,6.583,10.906
0,44402056,electron/electron-api-demos,HTML,260.0,5674.0,52.0,2558,3.304,19.036
0,342637264,fullstackhero/blazor-starter-kit,C#,100.0,3072.0,33.0,512,2.563,10.93
0,35313328,armink/EasyLogger,C,28.0,3666.0,18.0,2977,2.022,3.709
0,37480795,IFTTT/RazzleDazzle,Swift,7.0,2763.0,8.0,519,1.868,2.122
0,1052675,craftyjs/Crafty,JavaScript,69.0,7738.0,91.0,900,4.521,6.945
0,137104789,jamesmh/coravel,C#,118.0,3173.0,25.0,2063,2.656,9.719
0,47656654,HunterLarco/voxel.css,CSS,9.0,3709.0,8.0,107,1.48,3.272
0,47781142,xmartlabs/XLActionController,Swift,42.0,8991.0,17.0,2150,3.176,8.134
0,5198123,burke/zeus,Go,146.0,2048.0,54.0,4088,2.6,5.122
0,148402802,phoenixframework/phoenix_live_view,Elixir,1019.0,12822.0,434.4330467010137,1631,5.074,22.259
0,41258890,dthree/vorpal,JavaScript,64.0,983.0,29.0,1022,3.193,5.619
0,120715537,sindresorhus/modern-normalize,TypeScript,12.0,272.0,13.0,1058,1.405,3.145
0,114846052,WebStackPage/WebStackPage.github.io,CSS,10.0,17869.0,9.0,1963,1.652,3.288
0,17517521,auth0/java-jwt,Java,212.0,1451.0,53.0,3622,2.714,7.599
0,58774373,icloud-photos-downloader/icloud_photos_downloader,Python,199.0,36200.0,31.0,2819,1.942,9.16
0,229293658,creativetimofficial/tailwind-starter-kit,CSS,6.0,33159.0,13.0,440,1.786,2.68
0,28131918,jakearchibald/svgomg,JavaScript,24.0,6091.0,25.0,2456,2.674,3.18
0,32727687,mysticatea/npm-run-all,JavaScript,27.0,441.0,20.0,1534,2.55,6.997
0,2808651,leongersen/noUiSlider,TypeScript,93.0,2525.0,69.0,4224,3.483,7.343
0,20232642,schneiderandre/popping,Objective-C,3.0,392.0,1.0,428,0.5,2.094
0,59643097,Ramotion/expanding-collection,Swift,15.0,31962.0,17.0,734,1.764,2.584
0,68197895,crazycodeboy/react-native-splash-screen,Java,48.0,3912.0,40.0,1909,2.164,11.204
0,36229979,MicheleBertoli/css-in-js,JavaScript,55.0,582.0,37.0,1172,3.342,8.178
0,66913302,reorx/httpstat,Python,9.0,355.0,6.0,2477,1.35,4.423
0,133092972,nodejs/undici,JavaScript,287.0,8282.0,224.0,1035,5.818,31.087
0,256184861,rrousselGit/riverpod,Dart,567.0,30042.0,207.0,1391,6.866,14.89
0,105677687,alangpierce/sucrase,TypeScript,410.0,18882.0,38.0,1196,1.815,27.161
0,33916850,spatie/laravel-medialibrary,PHP,376.0,8680.0,318.0,2369,4.832,7.396
0,1252864,nelhage/reptyr,C,67.0,353.0,39.0,4617,1.887,5.65
0,166071450,wzpan/wukong-robot,Python,24.0,11108.0,17.0,1839,1.221,5.625
0,28930512,hound-search/hound,JavaScript,113.0,3285.0,81.0,2232,2.76,7.786
0,28564207,niieani/bash-oo-framework,Shell,23.0,676.0,12.0,1585,1.421,3.9
0,150354367,Meituan-Dianping/Logan,C,57.0,21196.0,23.0,1840,3.024,4.368
0,25216588,fluentpython/example-code,Python,6.0,12950.0,6.0,2439,1.052,3.007
0,6584365,MikeMcl/big.js,JavaScript,26.0,2762.0,23.0,3483,1.658,6.078
0,56251096,ethereum/web3.py,Python,1218.0,28393.0,222.0,2566,5.141,39.70675109302316
0,34023916,microsoft/WPF-Samples,C#,110.0,19389.0,56.0,2217,4.764,5.368
0,249688385,saurabhdaware/text-to-handwriting,HTML,38.0,1729.0,27.0,473,2.22,4.902
0,13129587,jagenjo/litegraph.js,JavaScript,144.0,29536.0,64.0,3721,2.871,17.269
0,123254500,webpack-contrib/mini-css-extract-plugin,JavaScript,317.0,9651.0,70.0,2168,3.812,13.871
0,3165783,nsf/termbox-go,Go,87.0,376.0,54.0,3679,2.316,6.552
0,25670446,tomchentw/react-google-maps,JavaScript,140.0,11332.0,61.0,1168,2.462,12.06
0,36187165,jariz/vibrant.js,CoffeeScript,5.0,925.0,7.0,696,1.455,2.779
0,60117259,swimlane/ngx-datatable,TypeScript,318.0,21049.0,129.0,2332,2.726,5.249
0,68275675,FormidableLabs/react-game-kit,JavaScript,18.0,2084.0,16.0,538,2.042,3.275
0,19748680,gliderlabs/logspout,Go,121.0,5791.0,73.0,2764,2.791,10.607
0,12830126,mozillazg/python-pinyin,Python,22.0,7021.0,21.0,3646,1.873,4.88
0,114829503,umputun/remark42,Go,858.0,28946.0,116.0,2236,2.798,25.7
0,47422110,bartonhammond/snowflake,JavaScript,39.0,30278.0,24.0,569,1.607,7.977
0,124765446,s0md3v/AwesomeXSS,JavaScript,6.0,3642.0,5.0,1786,1.133,2.825
0,42832234,mamaral/Neon,Swift,16.0,14088.0,11.0,777,1.907,5.818
0,79775156,jcjohnson/pytorch-examples,Python,5.0,63.0,5.0,889,1.271,1.605
0,119014048,Lyken17/pytorch-OpCounter,Python,19.0,177.0,17.0,1685,2.262,4.237
0,77689140,thoas/go-funk,Go,82.0,326.0,47.0,2187,3.367,11.808
0,136181543,qubvel/segmentation_models,Python,43.0,1863.0,13.0,681,1.545,3.588
0,112751115,naganandy/graph-based-deep-learning-literature,Jupyter Notebook,13.0,13616.0,11.0,2125,1.648,2.173
0,164380611,instillai/deep-learning-roadmap,Python,2.0,12843.0,3.0,15,1.103,1.6
0,34196200,keithwhor/nodal,JavaScript,87.0,1479.0,22.0,2374,2.456,5.333
0,242956320,notion-enhancer/notion-enhancer,JavaScript,12.0,14873.0,32.0,229,2.042,4.354
0,46131737,kdzwinel/betwixt,JavaScript,12.0,4876.0,5.0,1133,1.346,4.877
0,215404927,kellyjonbrazil/jc,Python,101.0,14494.0,38.0,1574,2.018,16.166
0,101684931,ApoorvSaxena/lozad.js,JavaScript,91.0,6058.0,32.0,1962,2.757,11.004
0,9779017,fideloper/TrustedProxy,PHP,57.0,161.0,25.0,3047,1.972,7.046
0,76567547,surmon-china/vue-quill-editor,JavaScript,15.0,643.0,13.0,1183,1.366,3.376
0,94593596,etcd-io/bbolt,Go,290.0,2084.0,186.0,2368,9.119934622064772,17.844
0,119822304,sindresorhus/Gifski,Swift,101.0,21743.0,14.0,1086,1.199,16.22
0,111738332,final-form/react-final-form,JavaScript,234.0,7574.0,116.0,1213,4.102,6.139
0,40806530,sindresorhus/np,JavaScript,160.0,1001.0,83.0,1960,2.689,17.286
0,167459852,github/personal-website,HTML,46.0,911.0,34.0,115,1.992,6.682
0,544208,ajenti/ajenti,Python,175.0,38552.0,21.0,5020,1.483,8.864
0,1602811,fluent-ffmpeg/node-fluent-ffmpeg,JavaScript,131.0,8961.0,83.0,4597,2.77,12.512
0,15921313,release-it/release-it,JavaScript,131.0,6495.0,94.0,3332,3.514,20.03
0,708775091,louislam/dockge,TypeScript,86.0,715.0,60.0,90,2.175,6.696
0,20556335,bayesian-optimization/BayesianOptimization,Python,80.0,32493.0,32.0,3517,2.023,9.765
0,15046172,stefanpenner/es6-promise,JavaScript,124.0,900.0,75.0,2018,5.303,5.853
0,255231293,karpathy/micrograd,Jupyter Notebook,1.0,248.0,2.0,2,1.0,0.8
0,16549503,github/scientist,Ruby,70.0,202.0,52.0,2770,2.585,7.365
0,555374,dahlbyk/posh-git,PowerShell,298.0,2958.0,97.0,4727,4.471,8.844
0,7039626,olivere/elastic,Go,19.0,8572.0,102.0,2396,2.669,4.777
0,136463760,electron/fiddle,TypeScript,582.0,16934.0,69.0,1314,3.917,24.155
0,26018608,github-changelog-generator/github-changelog-generator,Ruby,358.0,2305.0,93.0,3370,4.422,16.139
0,64878964,fchollet/deep-learning-models,Python,2.0,45.0,2.0,223,1.0,1.6
0,669174,DataTables/DataTables,CSS,53.0,14125.0,23.0,3749,1.405,10.246
0,77071207,laravel/tinker,PHP,36.0,229.0,33.0,2391,2.331,5.359
0,12502664,forhappy/Cplusplus-Concurrency-In-Practice,C++,4.0,1398.0,4.0,409,1.258,2.933
0,35451268,jdan/tota11y,JavaScript,66.0,3055.0,21.0,2928,1.866,7.107
0,32304121,domaindrivendev/Swashbuckle.AspNetCore,C#,346.0,4480.0,169.0,2800,4.232,13.851
0,25975629,evil-icons/evil-icons,JavaScript,12.0,27605.0,11.0,2104,2.391,3.282
0,69470049,surmon-china/videojs-player,TypeScript,20.0,1787.0,12.0,716,1.389,4.538
0,31560300,daattali/beautiful-jekyll,HTML,174.0,7019.0,84.0,3246,4.578,15.206
0,85459264,ohmybash/oh-my-bash,Shell,159.0,3960.0,105.0,2496,6.722,13.569
0,52897468,kazzkiq/balloon.css,CSS,30.0,1186.0,24.0,1718,2.148,8.078
0,19173633,PeterDing/iScript,Python,5.0,1142.0,5.0,1199,1.28,2.319
0,136332816,tychxn/jd-assistant,Python,4.0,6998.0,3.0,609,1.308,2.011
0,379916997,micro-zoe/micro-app,CSS,10.0,8858.0,30.0,502,2.128,3.047
0,4975026,AliSoftware/OHHTTPStubs,Objective-C,94.0,1996.0,57.0,4202,2.758,7.491
0,138615634,iorate/ublacklist,TypeScript,94.0,16738.0,39.0,2035,1.971,14.77
0,13344397,lervag/vimtex,TeX,284.0,11331.0,157.0,3771,7.626,4.472
0,215689781,yangzongzhuan/RuoYi,HTML,1.0,11707.0,82.0,349,2.316,0.8
0,190082368,Jinxiansen/SwiftUI,Swift,12.0,20800.0,7.0,1463,1.548,2.679
0,178738556,teslamate-org/teslamate,Elixir,644.0,30634.0,161.0,1774,3.907,16.585
0,47010479,karpathy/arxiv-sanity-preserver,Python,24.0,984.0,18.0,1065,1.736,4.793
0,15813955,vigetlabs/blendid,JavaScript,107.0,2897.0,60.0,2165,2.522,4.501
0,108454049,tkipf/pygcn,Python,5.0,225.0,6.0,487,1.527,3.006
0,11010098,epochjs/epoch,HTML,64.0,2131.0,17.0,991,1.446,5.352
0,153775955,rrousselGit/provider,Dart,156.0,1242.0,85.0,1915,4.678,10.384
0,72867492,anders94/blockchain-demo,Pug,41.0,478.0,18.0,2280,1.755,6.086
0,73864802,danielgerlag/workflow-core,C#,194.0,2058.0,58.0,2548,3.493,21.157
0,24700171,vuejs/vue-loader,TypeScript,341.0,6336.0,24.0,3303,2.043,18.782
0,233568787,markmap/markmap,TypeScript,8.0,1167.0,9.0,1448,1.19,2.603
0,217603326,hagopj13/node-express-boilerplate,JavaScript,39.0,1620.0,16.0,1386,1.785,5.461
0,76425236,EduardoPires/EquinoxProject,C#,15.0,1664.0,10.0,1924,1.297,3.187
0,20387062,horsicq/Detect-It-Easy,JavaScript,58.0,11106.0,35.0,3514,2.262,6.584
0,812610,guard/guard,Ruby,338.0,4014.0,150.0,4528,4.106,14.378
0,9906653,ankane/chartkick,Ruby,28.0,2029.0,24.0,3393,1.571,4.007
0,42115933,sshahine/JFoenix,Java,117.0,28243.0,61.0,2196,3.447,6.291
0,12550138,PyCQA/isort,Python,39.0,24659.0,258.0,2597,4.568,11.437
0,22424133,muaz-khan/RecordRTC,JavaScript,62.0,6824.0,38.0,2413,1.55,5.799
0,47475908,sindresorhus/execa,JavaScript,206.0,997.0,53.0,1824,2.25,17.145
0,237914956,SuLingGG/OpenWrt-Rpi,Shell,1.0,1626.0,4.0,135,1.221,0.8
0,20839462,imba/imba,JavaScript,130.0,29201.0,31.0,3503,1.361,7.2
0,157858597,Tyrrrz/YoutubeDownloader,C#,25.0,1074.0,16.0,1855,1.727,3.036
0,131706958,jerry-git/learn-python3,HTML,8.0,1558.0,7.0,1819,1.063,1.635
0,62535969,Hironsan/BossSensor,Python,3.0,29659.0,4.0,849,1.253,2.217
0,5739134,b-ryan/powerline-shell,Python,126.0,478.0,67.0,3665,5.132,6.787
0,32787812,gsdios/SDCycleScrollView,Objective-C,8.0,1973.0,5.0,978,1.148,2.876
0,12004006,hanami/hanami,Ruby,407.0,26619.0,147.0,2778,8.537,7.34
0,14268809,FastLED/FastLED,C++,238.0,15195.0,131.0,3711,3.213,8.57
0,77703410,Perfare/Il2CppDumper,C#,22.0,1083.0,20.0,2225,2.505,7.515
0,16875250,expressjs/session,JavaScript,49.0,690.0,112.0,3633,5.296,16.803
0,101052455,likedan/Awesome-CoreML-Models,Python,26.0,3059.0,13.0,2130,1.869,3.785
0,18981255,slap-editor/slap,JavaScript,80.0,1583.0,15.0,959,1.387,9.86
0,60849305,nfmcclure/tensorflow_cookbook,Jupyter Notebook,58.0,19794.0,17.0,1295,2.841,7.978
0,1647876,pa7/heatmap.js,JavaScript,19.0,1732.0,21.0,2113,1.323,5.29
0,54828252,agronholm/apscheduler,Python,81.0,5474.0,41.0,2871,2.36,5.392
0,56101366,gothinkster/react-redux-realworld-example-app,JavaScript,26.0,540.0,16.0,1973,1.729,3.659
0,17486281,pagekit/pagekit,PHP,43.0,16759.0,42.0,230,3.394,7.529
0,12386312,filamentgroup/tablesaw,JavaScript,35.0,4049.0,22.0,1929,1.735,7.052
0,100404920,vi3k6i5/flashtext,Python,13.0,447.0,5.0,991,1.308,4.346
0,14640245,dieulot/instantclick,JavaScript,7.0,321.0,7.0,651,1.601,2.921
0,15463953,duilib/duilib,C++,34.0,22966.0,22.0,2344,2.455,3.539
0,134992035,wei/pull,JavaScript,184.0,5196.0,12.0,1975,2.494,20.2
0,42976210,star-history/star-history,TypeScript,67.0,47116.439287332054,40.0,2376,3.316,5.529
0,7812624,cferdinandi/smooth-scroll,JavaScript,129.0,742.0,19.0,2648,1.946,12.077
0,80848838,Tapadoo/Alerter,Kotlin,65.0,37084.0,30.0,1650,2.29,8.212
0,92370246,tumobi/nideshop,JavaScript,1.0,1491.0,2.0,113,1.0,0.8
0,3421292,hyperupcall/autoenv,Shell,70.0,197.0,43.0,4355,2.895,9.712
0,24478678,Rich-Harris/ramjet,JavaScript,14.0,6933.0,11.0,511,1.544,2.343
0,112821105,yujiosaka/headless-chrome-crawler,JavaScript,208.0,1607.0,7.0,1058,1.884,18.755
0,32005403,ecomfe/fontmin,JavaScript,11.0,29617.0,11.0,2375,1.95,3.366
0,55814200,mholt/archiver,Go,102.0,427.0,66.0,2845,3.715,7.651
0,193669763,vuejs/composition-api,TypeScript,212.0,1679.0,90.0,787,3.856,13.058
0,3346928,chjj/tty.js,JavaScript,7.0,3161.0,4.0,1152,1.159,3.633
0,1121880,headjs/headjs,JavaScript,13.0,2127.0,1.0,1089,0.5,1.98
0,184500850,jamiebuilds/unstated-next,TypeScript,11.0,888.0,10.0,368,1.216,4.733
0,102487700,zedr/clean-code-python,Python,7.0,217.0,28.0,1628,3.621,4.388
0,25261765,go-gomail/gomail,Go,1.0,115.0,7.0,507,1.211,0.8
0,46802503,jenkinsci/pipeline-examples,Groovy,73.0,127.0,41.0,2052,4.828,8.077
0,258080286,code-hike/codehike,TypeScript,9.0,25523.0,9.0,196,1.399,3.92
0,10555788,maximebf/php-debugbar,PHP,264.0,5542.0,127.0,3884,3.763,12.224
0,286295150,antfu/vitesse,TypeScript,63.0,3000.0,103.0,342,2.234,7.003
0,23082332,slackhq/SlackTextViewController,Objective-C,184.0,16262.0,65.0,1459,4.609,10.241
0,122614397,GeekyAnts/vue-native-core,JavaScript,32.0,2273.0,15.0,1347,2.501,2.33
0,10652377,miniMAC/magic,SCSS,8.0,622.0,9.0,2323,1.414,3.268
0,191104421,any86/any-rule,TypeScript,21.0,3654.0,22.0,1269,1.969,4.984
0,290437899,jeessy2/ddns-go,Go,247.0,24679.0,31.0,1254,2.131,20.534
0,39316027,remix-run/history,JavaScript,138.0,3083.0,62.0,2216,1.524,3.362
0,21763822,doomemacs/doomemacs,Emacs Lisp,437.0,29467.0,364.0,3496,9.119934622064772,8.065
0,227978903,vueuse/vueuse,TypeScript,158.0,12384.0,434.4330467010137,405,2.558,6.638
0,805461,mysqljs/mysql,JavaScript,114.0,2682.0,120.0,4238,4.609,14.578
0,44218803,gabrielbull/react-desktop,JavaScript,58.0,5067.0,22.0,2032,2.092,6.915
0,111212542,VGraupera/1on1-questions,JavaScript,9.0,231.0,13.0,1944,3.011,3.706
0,212204036,astrit/css.gg,SCSS,5.0,5556.0,5.0,188,1.422,2.451
0,611921,activeadmin/activeadmin,Ruby,1767.99642505707,13946.0,368.0,5045,9.119934622064772,29.349
0,93928882,swaggo/swag,Go,594.0,5121.0,204.0,2431,3.097,37.282
0,83434501,retejs/rete,TypeScript,17.0,1797.0,19.0,2224,1.464,5.597
0,43076202,hacksalot/HackMyResume,JavaScript,37.0,3258.0,13.0,856,1.9,9.535
0,55637575,quic-go/quic-go,Go,1767.99642505707,15318.0,96.0,2863,5.235,28.861
0,1653882,thoughtbot/bourbon,Ruby,252.0,3142.0,105.0,3952,4.026,10.984
0,25310522,tristanhimmelman/ObjectMapper,Swift,220.0,1327.0,98.0,2040,3.604,15.597
0,134164777,crossoverJie/cim,Java,22.0,32060.0,7.0,847,1.254,4.529
0,61364083,ecomfe/vue-echarts,JavaScript,16.0,27460.0,9.0,1525,1.654,2.708
0,41359055,aksonov/react-native-router-flux,JavaScript,500.0,5682.0,237.0,2023,4.203,12.487
0,7398306,prasmussen/gdrive,Go,28.0,491.0,26.0,2984,2.384,2.495
0,1735515,node-schedule/node-schedule,JavaScript,110.0,358.0,49.0,4044,3.594,10.818
0,1272666,jshint/jshint,JavaScript,462.0,20208.0,243.0,3895,5.314,16.936
0,275095333,gao-sun/eul,Swift,85.0,2216.0,31.0,559,1.204,9.435
0,47878060,i18next/react-i18next,JavaScript,337.0,15437.0,170.0,2978,2.653,12.025
0,71972,tuupola/lazyload,JavaScript,16.0,5053.0,6.0,3232,1.153,4.534
0,28061676,jsx-eslint/eslint-plugin-react,JavaScript,1066.0,7482.0,396.0,3314,5.869,28.975
0,13753838,HubSpot/offline,CSS,48.0,1403.0,32.0,1312,2.317,6.36
0,36376183,react-toolbox/react-toolbox,JavaScript,70.0,13092.0,218.0,1122,2.528,7.095
0,46383222,IBAnimatable/IBAnimatable,Swift,313.0,26794.0,37.0,2652,2.981,9.146
0,89012427,airbnb/react-sketchapp,TypeScript,188.0,4428.0,56.0,1438,3.988,10.401
0,108395495,frappe/charts,JavaScript,69.0,7021.0,48.0,2001,4.095,5.64
0,272035489,greyireland/algorithm-pattern,Go,17.0,4196.0,13.0,1278,1.913,3.054
0,929845,sass/sass,TypeScript,136.0,1666.0,26.0,3928,2.163,6.757
0,57974334,DIYgod/DPlayer,JavaScript,370.0,11598.0,49.0,2818,2.564,26.715
0,24977535,dutchcoders/transfer.sh,Go,110.0,35056.0,61.0,2506,2.261,2.862
0,184611677,YunaiV/yudao-cloud,Java,10.0,37211.0,45.0,1605,1.533,2.153
0,32575637,ginuerzh/gost,Go,47.0,22754.0,34.0,3240,3.361,8.448
0,28628034,flarum/flarum,PHP,47.0,732.0,26.0,2763,2.097,5.372
0,260751863,cyrildiagne/ar-cutpaste,TypeScript,15.0,382.0,6.0,515,1.503,5.207
0,106279637,pqina/filepond,JavaScript,88.0,4282.0,65.0,2255,2.622,5.216
0,10290605,mattboldt/typed.js,JavaScript,49.0,5787.0,34.0,3478,2.215,3.708
0,201658460,geektutu/7days-golang,Go,7.0,1031.0,5.0,654,1.296,3.194
0,2281775,marcuswestin/WebViewJavascriptBridge,Objective-C,72.0,522.0,55.0,2264,3.978,5.395
0,219616873,charmbracelet/glow,Go,145.0,2889.0,31.0,1473,2.659,8.839
0,5448530,twbs/ratchet,CSS,210.0,16494.0,48.0,1298,2.712,3.911
0,28515839,skywind3000/kcp,C,38.0,562.0,27.0,3019,2.224,8.826
0,274594200,microsoft/Bringing-Old-Photos-Back-to-Life,Python,13.0,41892.0,12.0,759,1.703,3.578
0,22553797,getgrav/grav,PHP,3.0,27034.0,198.0,3369,2.734,2.267
0,51658450,BrainJS/brain.js,TypeScript,174.0,23894.0,94.0,2853,2.953,7.901
0,101109137,PavelDoGreat/WebGL-Fluid-Simulation,JavaScript,1.0,3304.0,1.0,713,0.5,0.8
0,52451887,vdumoulin/conv_arithmetic,TeX,3.0,5638.0,2.0,445,1.0,2.01
0,31865176,lgvalle/Material-Animations,Java,12.0,8692.0,8.0,433,1.514,2.828
0,16179237,Matt-Esch/virtual-dom,JavaScript,88.0,808.0,29.0,819,1.978,8.243
0,105262714,oauth2-proxy/oauth2-proxy,Go,633.0,18732.0,329.0,2309,8.826,25.208
0,62025838,DeviaVir/zenbot,HTML,301.0,31256.0,174.0,849,8.784,7.569
0,33200340,react-native-linear-gradient/react-native-linear-gradient,Java,166.0,2099.0,94.0,3080,5.318,5.767
0,55123440,soapyigu/LeetCode-Swift,Swift,283.0,13109.0,38.0,2478,3.716,38.013
0,5905681,benjamn/recast,TypeScript,359.0,4876.0,94.0,3975,2.301,10.53
0,38405292,redux-utilities/flux-standard-action,JavaScript,35.0,814.0,18.0,2221,2.155,5.5
0,176644153,vugu/vugu,Go,39.0,1057.0,18.0,1736,1.545,4.721
0,76251826,supasate/connected-react-router,JavaScript,227.0,3617.0,73.0,2036,2.643,10.662
0,286488508,chrisleekr/binance-trading-bot,JavaScript,128.0,7114.0,14.0,995,1.733,12.676
0,18467027,spotipy-dev/spotipy,Python,237.0,1175.0,163.0,3495,5.444,18.013
0,1924847,honza/vim-snippets,Vim Snippet,1028.0,2069.0,368.0,4600,6.881,24.595
0,66830040,baidu/san,JavaScript,162.0,9014.0,50.0,2620,2.334,8.272
0,169972846,peripheryapp/periphery,Swift,322.0,7602.0,28.0,1806,2.969,19.48
0,14735403,yajra/laravel-datatables,PHP,83.0,3356.0,125.0,3682,1.787,4.858
0,342388745,facebookresearch/Kats,Python,13.0,35085.0,67.0,97,3.079,3.646
0,22119747,gliderlabs/registrator,Go,99.0,23922.0,63.0,3343,4.107,5.714
0,8946089,ReactiveX/RxPY,Python,207.0,5602.0,82.0,3634,3.502,5.054
0,103791045,CryptoSignal/Crypto-Signal,Python,131.0,7624.0,17.0,772,3.633,8.609
0,36997653,TimOliver/TOCropViewController,Objective-C,121.0,8430.0,80.0,2030,2.983,12.331
0,22255647,duemunk/Async,Swift,41.0,573.0,23.0,2357,1.494,6.553
0,123358607,microsoft/tsdoc,TypeScript,157.0,5525.0,35.0,1498,2.882,23.882
0,32654500,mgechev/angular-seed,TypeScript,757.0,6397.0,160.0,1469,2.126,27.768
0,121651882,schollz/find3,Go,21.0,20689.0,15.0,811,1.156,2.518
0,7403331,es-analysis/plato,JavaScript,42.0,9948.0,26.0,1315,2.907,6.752
0,28693376,arasatasaygin/is.js,JavaScript,65.0,617.0,38.0,1952,1.967,9.935
0,338348248,benawad/dogehouse,TypeScript,42.0,34573.0,385.0,5,5.054,5.547
0,15452925,sjwhitworth/golearn,Go,110.0,27723.0,52.0,3289,5.094,11.827
0,351669095,vanilla-extract-css/vanilla-extract,TypeScript,508.0,7393.0,98.0,1048,2.584,29.39
0,37216840,phpDocumentor/TypeResolver,PHP,57.0,724.0,40.0,1836,3.239,6.687
0,17065530,facebook/chisel,Python,119.0,3544.0,50.0,2058,5.185,9.678
0,57182064,vercel/serve,TypeScript,249.0,1516.0,90.0,1867,4.872,6.733
0,216581567,super-linter/super-linter,Shell,1135.0,27836.0,217.0,711,3.312,39.70675109302316
0,7191565,guillaumepotier/Parsley.js,JavaScript,318.0,9864.0,210.0,3147,2.8,5.524
0,73475252,wix/react-native-calendars,TypeScript,457.0,18095.0,159.0,2585,5.05,23.441
0,16469292,dinedal/textql,Go,31.0,1038.0,24.0,3548,1.246,6.851
0,39166950,SwiftGen/SwiftGen,Swift,178.0,47116.439287332054,87.0,1293,4.167,10.5
0,41561105,go-resty/resty,Go,190.0,3563.0,98.0,2962,3.364,17.365
0,13737149,marmelab/gremlins.js,JavaScript,53.0,4707.0,23.0,3019,1.989,2.888
0,36597039,phpDocumentor/ReflectionCommon,PHP,20.0,149.0,12.0,2217,2.335,4.48
0,9120526,jackc/pgx,Go,357.0,5020.0,259.0,3963,6.547,24.857
0,173796,humanwhocodes/computer-science-in-javascript,JavaScript,10.0,131.0,5.0,4190,1.068,2.698
0,127519518,projectdiscovery/subfinder,Go,177.0,9450.0,78.0,1812,4.897,11.4
0,140609832,seanmonstar/warp,Rust,293.0,1061.0,170.0,2015,4.773,12.886
0,121204738,klaudiosinani/taskbook,JavaScript,35.0,473.0,26.0,1672,2.19,11.717
0,71996613,blue-yonder/tsfresh,Jupyter Notebook,278.0,8354.0,84.0,1344,3.3,21.283
0,94897336,imgproxy/imgproxy,Go,212.0,36485.0,92.0,2376,2.703,10.176
0,296943592,elkowar/eww,Rust,172.0,3967.0,63.0,1186,2.998,6.409
0,221855328,phuocng/csslayout,MDX,197.0,24482.0,19.0,1468,1.616,7.953
0,49623638,hilongjw/vue-lazyload,JavaScript,67.0,4856.0,46.0,2663,2.99,7.325
0,649170660,Mintplex-Labs/anything-llm,JavaScript,242.0,34470.0,28.0,250,1.422,19.0
0,121380371,thedevs-network/kutt,TypeScript,1.0,3828.0,47.0,23,3.175,0.8
0,19951534,Flipboard/FLAnimatedImage,Objective-C,50.0,4079.0,29.0,2760,2.25,8.087
0,9210604,mgonto/restangular,JavaScript,172.0,2067.0,114.0,1484,5.961,15.659
0,1345495,svenstaro/genact,Rust,329.0,9042.0,28.0,4725,3.095,6.539
0,21486287,sahat/satellizer,TypeScript,191.0,6703.0,123.0,838,2.12,4.708
0,11591313,reactiveui/refit,C#,314.0,15417.0,112.0,2670,5.436,7.97
0,56723754,redux-observable/redux-observable,TypeScript,227.0,7067.0,94.0,2832,5.585,10.06
0,52760178,crazyguitar/pysheeet,Python,276.0,1147.0,37.0,2850,1.542,3.821
0,4445324,zsh-users/antigen,Shell,56.0,1819.0,41.0,1573,4.064,2.748
0,2851691,joemccann/dillinger,HTML,214.0,15583.0,103.0,4020,3.873,3.26
0,19130362,geerlingguy/ansible-for-devops,Python,40.0,490.0,26.0,3341,1.947,5.808
0,119693982,jamiebuilds/unstated,JavaScript,32.0,448.0,21.0,351,1.543,5.825
0,16501535,metalsmith/metalsmith,JavaScript,81.0,3295.0,46.0,3505,4.451,7.303
0,129852395,assimon/dujiaoka,PHP,65.0,19301.0,23.0,1911,2.981,5.628
0,95366680,lucasg/Dependencies,C#,19.0,15341.0,20.0,1598,2.855,4.184
0,194513266,voidcosmos/npkill,TypeScript,39.0,9450.0,21.0,1570,2.059,5.679
0,16977232,fengyuanchen/cropper,JavaScript,39.0,6118.0,26.0,2344,1.593,5.333
0,94218531,lanpa/tensorboardX,Python,239.0,5779.0,74.0,2343,3.036,16.675
0,12933501,foundation/foundation-emails,HTML,39.0,8865.0,96.0,2524,4.561,2.526
0,24306221,kimmobrunfeldt/progressbar.js,JavaScript,29.0,3684.0,11.0,2527,1.601,8.598
0,99705100,NG-ZORRO/ng-zorro-antd,TypeScript,1767.99642505707,19712.0,245.0,2375,7.193,28.576
0,22234455,react-grid-layout/react-draggable,JavaScript,85.0,3633.0,61.0,3351,3.009,5.739
0,124084862,CodeTips/BaiduNetdiskPlugin-macOS,Objective-C,1.0,1324.0,2.0,0,1.0,0.8
0,11584853,myclabs/DeepCopy,PHP,30.0,264.0,28.0,1546,3.172,8.372
0,72039072,squeaky-pl/japronto,C,24.0,894.0,21.0,1240,2.999,6.016
0,29849956,node-fetch/node-fetch,JavaScript,205.0,1268.0,107.0,2385,4.547,9.536
0,182353393,gcla/termshark,Go,24.0,22261.0,14.0,1290,2.554,6.261
0,86363993,pastelsky/bundlephobia,JavaScript,1.0,8664.0,37.0,49,2.846,0.8
0,54308113,ybq/Android-SpinKit,Java,12.0,10241.0,10.0,943,1.518,4.086
0,20105255,CoderMJLee/MJExtension,Objective-C,69.0,2999.0,23.0,2753,2.003,7.95
0,600637,mrdoob/stats.js,JavaScript,22.0,32616.0,20.0,4722,1.597,5.461
0,203183673,zfile-dev/zfile,Java,4.0,46360.0,5.0,987,1.438,2.334
0,1333863,kaminari/kaminari,Ruby,203.0,1552.0,153.0,4718,7.714,17.831
0,89116094,utterance/utterances,TypeScript,224.0,4517.0,150.0,1755,4.349,16.12
0,246674913,pestphp/pest,PHP,167.0,2074.0,88.0,900,3.994,10.879
0,4128353,sass/node-sass,C++,647.0,25524.0,178.0,4298,5.408,7.254
0,93808874,bxcodec/go-clean-arch,Go,21.0,343.0,7.0,2009,1.496,8.081
0,263993730,mertJF/tailblocks,JavaScript,8.0,26393.0,7.0,374,1.598,1.788
0,105411913,rematch/rematch,TypeScript,305.0,24030.0,94.0,1024,3.666,8.671
0,5894096,mdo/code-guide,SCSS,6.0,432.0,45.0,524,2.352,4.8
0,83678416,xo/usql,Go,83.0,2543.0,29.0,2442,1.751,11.255
0,256372328,jdan/98.css,CSS,23.0,664.0,32.0,30,2.289,3.775
0,11474382,adrai/flowchart.js,JavaScript,39.0,2677.0,33.0,3796,1.713,5.278
0,118617559,go-shiori/shiori,JavaScript,169.0,44942.0,50.0,2206,2.876,7.217
0,19407872,steipete/Aspects,Objective-C,18.0,504.0,15.0,766,1.816,3.215
0,439491516,ange-yaghi/engine-sim,C++,11.0,5966.0,6.0,250,1.452,4.093
0,31790438,api-platform/api-platform,TypeScript,222.0,5916.0,87.0,2135,1.557,8.447
0,4384018,pahen/madge,JavaScript,89.0,1163.0,53.0,4174,2.228,4.503
0,728994,FineUploader/fine-uploader,JavaScript,81.0,39501.0,92.0,3059,3.383,6.011
0,451035,heartcombo/simple_form,Ruby,325.0,2712.0,229.0,4301,4.549,15.031
0,60334478,projectstorm/react-diagrams,TypeScript,156.0,14106.0,76.0,2668,2.368,8.307
0,24968828,sosedoff/pgweb,Go,254.0,24382.0,47.0,3383,4.304,13.586
0,189676777,0x7c13/Notepads,C#,412.0,40357.0,62.0,1689,2.962,14.286
0,62500776,cerebroapp/cerebro,JavaScript,204.0,4373.0,44.0,2711,3.527,9.496
0,121422840,gruns/icecream,Python,21.0,380.0,20.0,1755,2.496,5.291
0,7431133,Rob--W/cors-anywhere,JavaScript,7.0,231.0,8.0,3165,1.471,3.598
0,25212911,davidsonfellipe/awesome-wpo,JavaScript,122.0,1006.0,94.0,2228,2.682,7.199
0,42481664,ng-bootstrap/ng-bootstrap,TypeScript,774.0,14815.0,164.0,2995,4.622,12.063
0,5694937,jonobr1/two.js,JavaScript,27.0,16994.0,47.0,1510,2.048,5.233
0,734957,kelektiv/node-cron,TypeScript,103.0,1818.0,75.0,4775,3.159,8.627
0,277277803,EleutherAI/gpt-neo,Python,92.0,1637.0,26.0,476,1.977,8.119
0,149477929,revery-ui/revery,Reason,734.0,7062.0,52.0,1008,3.892,37.005
0,20893207,primer/octicons,JavaScript,144.0,15762.0,83.0,2496,3.628,9.922
0,66432581,php-fig/simple-cache,PHP,7.0,27.0,10.0,2053,2.808,2.269
0,62256097,ThreeMammals/Ocelot,C#,44.0,5314.0,136.0,1625,2.12,6.872
0,151871286,pypa/pipx,Python,281.0,3522.0,126.0,1049,4.066,18.965
0,16554395,react-cosmos/react-cosmos,TypeScript,727.0,25974.0,103.0,2581,1.11,26.271
0,25594973,gobuffalo/buffalo,Go,237.0,16204.0,147.0,2589,3.303,13.551
0,2931111,chaijs/chai,JavaScript,399.0,4724.0,158.0,3373,5.119,24.965
0,266702263,rough-stuff/rough-notation,TypeScript,21.0,69.0,14.0,157,1.13,4.919
0,27929056,nodejs/docker-node,Dockerfile,635.0,1983.0,102.0,2284,7.482,39.70675109302316
0,658594,harthur/brain,JavaScript,13.0,393.0,13.0,1868,1.821,4.901
0,5710848,VulcanJS/Vulcan,JavaScript,228.0,22402.0,217.0,2291,4.454,7.045
0,121125679,LeetCode-OpenSource/vscode-leetcode,TypeScript,184.0,11850.0,28.0,1547,2.266,22.955
0,49194672,banchichen/TZImagePickerController,Objective-C,86.0,7267.0,48.0,2875,1.978,11.037
0,42749841,Live-Charts/Live-Charts,C#,108.0,18266.0,28.0,1083,2.115,11.08
0,54560347,lmenezes/cerebro,JavaScript,45.0,3677.0,26.0,1844,3.544,7.136
0,23056580,laravel/socialite,PHP,38.0,662.0,123.0,2411,3.559,6.322
0,119463163,LingDong-/shan-shui-inf,HTML,1.0,22943.0,2.0,295,1.0,0.8
0,151550980,scenee/FloatingPanel,Swift,228.0,7707.0,39.0,1748,3.412,7.479
0,150367689,corpnewt/gibMacOS,Python,8.0,735.0,9.0,1883,1.256,2.733
0,9996255,balderdashy/waterline,JavaScript,256.0,5409.0,102.0,3378,2.9,14.759
0,889932,scribejava/scribejava,Java,139.0,2633.0,103.0,4672,3.722,6.997
0,1791673,imakewebthings/deck.js,JavaScript,19.0,2393.0,15.0,1445,2.375,2.888
0,599070,soffes/SAMKeychain,Objective-C,39.0,251.0,29.0,3174,2.71,5.904
0,97334832,AndrewHartAR/ARKit-CoreLocation,Swift,29.0,24021.0,29.0,640,4.632,2.785
0,68013171,ibab/tensorflow-wavenet,Python,87.0,335.0,30.0,571,2.954,12.907
0,6198699,angular-ui/ui-grid,JavaScript,1344.0,20508.0,325.0,3958,6.308,17.258
0,7413451,timber/timber,PHP,752.0,16479.0,187.0,3953,1.994,17.864
0,81895167,css-doodle/css-doodle,JavaScript,14.0,3330.0,7.0,1687,1.401,4.407
0,47304932,prakhar1989/docker-curriculum,SCSS,65.0,9297.0,41.0,2320,2.517,3.584
0,218653810,vscode-neovim/vscode-neovim,TypeScript,427.0,3906.0,73.0,1562,3.074,16.836
0,104852627,alexisakers/BulletinBoard,Swift,44.0,29722.0,32.0,1126,3.098,4.922
0,54460336,algolia/places,JavaScript,727.0,12005.0,39.0,2309,1.967,29.399
0,177902038,ShizukuIchi/winXP,JavaScript,17.0,6291.0,6.0,1697,1.35,4.33
0,7808903,jenv/jenv,Shell,78.0,471.0,60.0,3787,3.577,8.936
0,1173043,syntaxhighlighter/syntaxhighlighter,JavaScript,44.0,6080.0,29.0,2306,3.022,3.217
0,40706,joshuaclayton/blueprint-css,CSS,1.0,10806.0,16.0,837,1.844,0.8
0,86202845,gitpoint/git-point,JavaScript,459.0,6286.0,99.0,1315,4.062,28.452
0,86640546,Daltron/NotificationBanner,Swift,83.0,25700.0,60.0,2220,4.642,5.971
0,11730342,vuejs/vue,TypeScript,5.0,32405.0,356.0,659,2.9,2.794
0,63476337,TheAlgorithms/Python,Python,1767.99642505707,14349.0,434.4330467010137,2760,6.972,39.70675109302316
0,291137,ohmyzsh/ohmyzsh,Shell,1767.99642505707,12137.0,389.0,5276,5.465,39.70675109302316
0,6498492,airbnb/javascript,JavaScript,790.0,3616.0,405.0,4104,5.509,16.557
0,21540759,avelino/awesome-go,Go,1767.99642505707,10384.0,427.0,2719,9.119934622064772,21.042
0,20904437,gin-gonic/gin,Go,837.0,3074.0,387.0,3522,3.784,21.515
0,612230,nvm-sh/nvm,Shell,697.0,3602.0,345.0,5028,4.733,17.723
0,160919119,tiangolo/fastapi,Python,1639.0,20279.0,434.4330467010137,1886,1.975,39.70675109302316
0,147350463,leonardomso/33-js-concepts,JavaScript,233.0,1019.0,180.0,1938,3.764,10.556
0,36535156,reduxjs/redux,TypeScript,1471.0,28979.0,423.0,3168,6.513,15.996
0,167174,jquery/jquery,JavaScript,450.0,33130.0,291.0,4302,5.747,10.055
0,63477660,TheAlgorithms/Java,Java,1098.0,4008.0,431.0,2752,6.336,17.762
0,68063511,tsl0922/ttyd,C,214.0,17834.0,52.0,1645,2.417,12.575
0,3064355,sstephenson/bats,Shell,18.0,116.0,10.0,1155,1.671,4.782
0,119961591,linyacool/WebServer,C++,2.0,2526.0,2.0,628,1.0,1.6
0,914603,es-shims/es5-shim,JavaScript,127.0,2237.0,66.0,3724,3.874,8.463
0,129815042,thu-ml/tianshou,Python,272.0,46610.0,63.0,2124,2.939,21.682
0,10413050,jackocnr/intl-tel-input,JavaScript,125.0,17075.0,95.0,3884,3.118,5.985
0,11759482,joho/godotenv,Go,41.0,134.0,35.0,3190,1.417,15.662
0,15283709,SublimeText/Spacegray,JavaScript,29.0,2383.0,23.0,1763,1.931,4.633
0,48356217,haltu/muuri,JavaScript,6.0,7520.0,9.0,2454,1.278,2.105
0,31311037,jpillora/chisel,Go,47.0,3386.0,37.0,3232,2.564,8.259
0,120983092,skywind3000/awesome-cheatsheets,Shell,52.0,402.0,34.0,2157,2.501,7.15
0,15642233,karpathy/convnetjs,JavaScript,14.0,27806.0,14.0,1055,1.29,1.858
0,19935788,tmux-plugins/tpm,Shell,29.0,212.0,27.0,3206,3.227,5.081
0,83285138,alibaba/vlayout,Java,3.0,1726.0,15.0,406,1.63,1.6
0,15020102,walkor/workerman,PHP,236.0,3626.0,92.0,3686,2.735,13.314
0,14210523,yargs/yargs,JavaScript,724.0,5071.0,265.0,2861,2.671,18.509
0,11960085,WickyNilliams/headroom.js,JavaScript,43.0,699.0,28.0,2626,1.873,4.237
0,500093,winsw/winsw,C#,246.0,3510.0,44.0,4744,2.748,16.565
0,57430416,listen1/listen1_chrome_extension,JavaScript,171.0,5081.0,44.0,2787,2.328,16.237
0,11133743,h5bp/Effeckt.css,CSS,69.0,1942.0,33.0,691,2.781,10.005
0,2871998,debug-js/debug,JavaScript,150.0,410.0,102.0,3761,3.572,7.866
0,5101823,Shopify/dashing,JavaScript,47.0,2543.0,35.0,1352,2.333,3.453
0,117360777,d2-projects/d2-admin,JavaScript,30.0,22711.0,18.0,1136,2.869,6.13
0,4095287,rubocop/rubocop,Ruby,1767.99642505707,44809.0,400.0,4311,9.119934622064772,39.70675109302316
0,522158088,zhayujie/chatgpt-on-wechat,Python,147.0,3773.0,49.0,546,3.842,13.316
0,2246815,DesignPatternsPHP/DesignPatternsPHP,PHP,220.0,6185.0,176.0,3212,5.699,8.839
0,37246537,chenglou/react-motion,JavaScript,139.0,5349.0,67.0,1620,1.561,8.952
0,19994257,go-delve/delve,Go,1630.0,34766.0,197.0,3549,2.991,24.675
0,74697963,HeroTransitions/Hero,Swift,72.0,31385.0,74.0,1068,1.864,5.528
0,197081291,iced-rs/iced,Rust,703.0,14933.0,198.0,1665,9.119934622064772,21.509
0,33486016,onevcat/Kingfisher,Swift,539.0,5725.0,171.0,3203,3.38,8.779
0,15480067,react-bootstrap/react-bootstrap,TypeScript,1767.99642505707,30530.0,417.0,3691,7.107,21.95
0,155662306,trekhleb/homemade-machine-learning,Jupyter Notebook,2.0,14834.0,3.0,1644,1.104,1.6
0,2436267,nock/nock,JavaScript,545.0,9374.0,241.0,3202,5.46,9.22
0,71966177,webpack-contrib/webpack-bundle-analyzer,JavaScript,181.0,2851.0,67.0,2577,4.063,9.647
0,43134061,fengyuanchen/cropperjs,JavaScript,42.0,12096.0,41.0,2037,2.215,1.878
0,42237038,graphql/dataloader,JavaScript,80.0,841.0,60.0,2387,3.879,8.954
0,5254557,cloudwu/skynet,C,388.0,4737.0,117.0,4202,1.696,12.972
0,40013435,redux-form/redux-form,JavaScript,635.0,10020.0,346.0,2700,5.142,20.753
0,2857233,nexe/nexe,TypeScript,95.0,32583.0,53.0,4374,2.53,5.98
0,33293613,redis/ioredis,TypeScript,264.0,6234.0,146.0,2498,2.423,9.608
0,49704723,lint-staged/lint-staged,JavaScript,410.0,5624.0,131.0,2943,3.723,16.545
0,138312,capistrano/capistrano,Ruby,595.0,4571.0,223.0,5444,7.576,8.236
0,5890857,sindresorhus/pure,Shell,139.0,714.0,80.0,3008,2.344,15.352
0,95133665,s-matyukevich/raspberry-pi-os,C,123.0,2016.0,50.0,1393,1.557,9.918
0,50807547,turbolinks/turbolinks,TypeScript,57.0,596.0,26.0,1816,2.333,3.791
0,67588512,Instagram/IGListKit,Objective-C,3.0,8523.0,118.0,4,7.604,1.759
0,74809720,Chuyu-Team/Dism-Multi-language,HTML,92.0,8850.0,31.0,2311,3.018,10.134
0,70081812,surmon-china/vue-awesome-swiper,JavaScript,27.0,1196.0,19.0,1369,2.028,3.514
0,10064545,systemjs/systemjs,JavaScript,299.0,11097.0,113.0,2945,1.471,5.92
0,43830564,auchenberg/volkswagen,JavaScript,19.0,248.0,13.0,930,1.782,4.139
0,15340074,leemunroe/responsive-html-email-template,HTML,32.0,98.0,26.0,3638,3.175,5.013
0,30245748,gizak/termui,Go,62.0,6150.0,44.0,3282,2.264,6.301
0,51840802,pinojs/pino,JavaScript,709.0,3011.0,283.0,2912,4.637,37.351
0,33082868,sqshq/piggymetrics,Java,22.0,1512.0,13.0,2123,1.364,2.931
0,98315735,downshift-js/downshift,JavaScript,579.0,2581.0,199.0,2347,4.533,28.093
0,40446628,casesandberg/react-color,JavaScript,186.0,5947.0,78.0,1923,3.091,9.498
0,4188772,CodeSeven/toastr,JavaScript,57.0,2049.0,60.0,2237,2.537,5.536
0,100781035,webview/webview,C,251.0,5394.0,70.0,2365,2.519,7.396
0,28320207,majodev/google-webfonts-helper,TypeScript,8.0,605.0,9.0,3076,1.277,3.659
0,128564293,Chalarangelo/30-seconds-of-interviews,JavaScript,118.0,10667.0,44.0,1218,4.117,14.222
0,4979467,PrismJS/prism,JavaScript,1121.0,13978.0,357.0,3695,6.669,34.7
0,96689748,jaredreich/pell,JavaScript,4.0,1257.0,5.0,514,1.472,2.004
0,50063252,Miserlou/Zappa,Python,642.0,5645.0,203.0,1721,4.481,15.744
0,6319157,taye/interact.js,TypeScript,91.0,30731.0,50.0,2895,1.621,5.946
0,17446152,gabrielecirulli/2048,CSS,30.0,611.0,24.0,1310,2.03,4.351
0,55424670,GoogleChrome/workbox,JavaScript,607.0,16823.0,68.0,1479,2.882,10.725
0,41215439,CosmicMind/Material,Swift,4.0,34053.0,42.0,351,3.47,1.603
0,137867242,weilanwl/coloruicss,Vue,1.0,7118.0,2.0,362,1.0,0.8
0,20651672,pagehelper/Mybatis-PageHelper,Java,37.0,5240.0,36.0,3521,1.861,7.001
0,222544417,vuejs/pinia,TypeScript,196.0,7629.0,215.0,308,1.495,7.301
0,37931301,erikras/react-redux-universal-hot-example,JavaScript,298.0,8985.0,95.0,1047,3.705,21.061
0,257434373,apernet/hysteria,Go,196.0,9513.0,15.0,1381,2.418,10.4
0,106995,sinatra/sinatra,Ruby,736.0,7653.0,368.0,5163,4.36,12.947
0,363150,redis/redis-py,Python,1041.0,8270.0,372.0,5203,6.537,26.723
0,130309267,cfug/dio,Dart,57.0,4335.0,108.0,1317,5.405,4.136
0,20446799,dzenbot/DZNEmptyDataSet,Objective-C,74.0,14208.0,39.0,2435,3.566,4.366
0,6930489,facebook/watchman,C++,50.0,31261.0,254.0,3184,4.049,3.317
0,11530283,VerbalExpressions/JSVerbalExpressions,JavaScript,330.0,3106.0,42.0,3855,4.061,6.426
0,21402627,h4cc/awesome-elixir,Elixir,1025.0,2906.0,433.0,3480,8.949,14.218
0,4916869,ramsey/uuid,PHP,95.0,2667.0,97.0,3037,2.773,5.856
0,4925652,robfig/cron,Go,34.0,180.0,28.0,3105,3.405,6.628
0,156968527,testing-library/react-hooks-testing-library,TypeScript,437.0,11080.0,62.0,905,2.676,11.349
0,54226191,JanDeDobbeleer/oh-my-posh2,PowerShell,111.0,541.0,65.0,1758,2.85,14.395
0,22757905,Jounce/Surge,Swift,82.0,554.0,25.0,3268,2.725,13.123
0,4565995,phpseclib/phpseclib,PHP,332.0,14638.0,135.0,4141,3.823,10.21
0,9625333,mhinz/vim-startify,Vim Script,26.0,1508.0,47.0,3801,2.909,6.539
0,32238354,import-js/eslint-plugin-import,JavaScript,492.0,3926.0,322.0,2348,8.477,25.873
0,389813360,niuhuan/pikapika,Dart,5.0,4426.0,1.0,198,0.5,3.0
0,66982675,sarcadass/granim.js,JavaScript,14.0,2049.0,7.0,1319,1.709,4.087
0,323913869,boringdesigners/boring-avatars,JavaScript,9.0,2978.0,5.0,968,1.717,4.333
0,20557685,vikmeup/SCLAlertView-Swift,Swift,146.0,3983.0,79.0,3500,4.104,6.354
0,4117355,mongo-express/mongo-express,JavaScript,530.0,9931.0,123.0,4301,5.022,12.433
0,43082133,mviereck/x11docker,Shell,25.0,41001.0,19.0,2701,1.427,4.216
0,289605524,nonebot/nonebot2,Python,1130.0,9992.0,296.0,1265,8.252,13.721
0,147824034,p-christ/Deep-Reinforcement-Learning-Algorithms-with-PyTorch,Python,12.0,31581.0,9.0,861,1.606,3.443
0,51995332,philackm/ScrollableGraphView,Swift,12.0,25474.0,7.0,959,1.556,2.927
0,182306991,th-ch/youtube-music,TypeScript,531.0,11371.0,98.0,1753,4.081,10.688
0,43347873,danger/danger,Ruby,786.0,3387.0,203.0,3049,6.951,39.583
0,75785147,rails/webpacker,Ruby,1021.0,5456.0,424.0,2605,5.346,24.626
0,74909348,CameraKit/camerakit-android,C,63.0,21847.0,30.0,2167,3.705,4.908
0,29278707,shipitjs/shipit,JavaScript,66.0,1041.0,32.0,1885,2.636,3.552
0,69185236,nadbm/react-datasheet,JavaScript,60.0,13020.0,39.0,2066,2.285,4.858
0,307756285,denolehov/obsidian-git,TypeScript,58.0,3717.0,37.0,1187,2.583,4.796
0,13601190,agentejo/cockpit,JavaScript,69.0,23426.0,61.0,2711,2.382,5.784
0,8230809,este/este,TypeScript,252.0,12383.0,89.0,2086,1.439,6.662
0,61990007,apertureless/vue-chartjs,TypeScript,16.0,11942.0,98.0,966,2.306,2.516
0,27579614,goadesign/goa,Go,694.0,35019.0,114.0,1616,4.476,39.70675109302316
0,224444129,alyssaxuu/flowy,JavaScript,5.0,432.0,5.0,123,1.151,1.601
0,111610659,kusti8/proton-native,TypeScript,64.0,7581.0,28.0,845,4.45,3.196
0,3687489,jacomyal/sigma.js,TypeScript,96.0,22109.0,59.0,2381,3.223,4.552
0,7579180,doctrine/lexer,PHP,26.0,195.0,25.0,2880,3.693,5.446
0,156681830,ffuf/ffuf,Go,207.0,765.0,50.0,1809,1.881,21.956
0,48796179,z-song/laravel-admin,PHP,633.0,15814.0,233.0,2592,4.832,4.187
0,22765472,keen/dashboards,HTML,6.0,2240.0,21.0,1913,2.103,1.763
0,92112844,callstack/linaria,TypeScript,611.0,32257.0,136.0,2452,5.904,18.035
0,90786246,microsoft/TypeScript-React-Starter,TypeScript,15.0,161.0,15.0,772,2.04,2.299
0,20206590,rougier/numpy-100,Python,79.0,466.0,46.0,3487,2.408,5.562
0,1204214,stylus/stylus,JavaScript,355.0,7423.0,178.0,1680,5.187,18.543
0,142714512,jxnblk/mdx-deck,JavaScript,347.0,10442.0,61.0,1101,2.702,8.515
0,438384984,honojs/hono,TypeScript,240.0,4759.0,106.0,215,2.719,14.255
0,53321815,picturepan2/spectre,CSS,72.0,6514.0,27.0,1577,2.198,13.069
0,46077896,barbajs/barba,TypeScript,39.0,30237.0,18.0,2605,2.353,3.225
0,9709563,summernote/summernote,JavaScript,192.0,18849.0,306.0,2551,2.192,10.097
0,10155460,dbader/schedule,Python,101.0,366.0,55.0,3856,3.896,11.869
0,36205608,bang590/JSPatch,Objective-C,86.0,7890.0,37.0,1063,1.44,11.904
0,1337658,scottjehl/Respond,JavaScript,34.0,321.0,30.0,2180,2.118,5.971
0,5909706,yhirose/cpp-httplib,C++,356.0,3241.0,162.0,4157,2.636,17.836
0,98339432,shoelace-style/shoelace,TypeScript,22.0,16273.0,128.0,1088,5.041,3.755
0,74272018,angristan/openvpn-install,Shell,168.0,641.0,65.0,2556,2.274,9.472
0,143092994,benfred/py-spy,Rust,229.0,2993.0,36.0,1962,2.096,15.075
0,86891282,atomiks/tippyjs,JavaScript,153.0,17445.0,36.0,1770,2.2,6.712
0,6683352,muaz-khan/WebRTC-Experiment,JavaScript,11.0,33532.0,11.0,1400,1.444,3.177
0,14106970,tachyons-css/tachyons,CSS,118.0,18386.0,64.0,2177,2.076,3.097
0,13975314,go-martini/martini,Go,156.0,496.0,90.0,1179,3.188,17.782
0,157318000,vercel/ncc,JavaScript,268.0,12229.0,57.0,881,3.714,17.839
0,23267883,ansible-semaphore/semaphore,Go,60.0,7922.0,90.0,1025,2.867,6.428
0,94949504,apex/up,Go,70.0,23845.0,21.0,1091,1.702,7.39
0,129791,javan/whenever,Ruby,114.0,534.0,84.0,4085,2.678,16.281
0,53072654,sindresorhus/ora,JavaScript,50.0,679.0,47.0,1783,1.958,9.868
0,27029984,rust-bakery/nom,Rust,520.0,10059.0,326.0,2528,3.762,20.447
0,538180525,ggerganov/ggml,C,263.0,7036.0,125.0,508,2.836,13.387
0,11075275,sloria/TextBlob,Python,1.0,7862.0,28.0,41,1.594,0.8
0,45612129,ibireme/YYText,Objective-C,10.0,21807.0,10.0,598,1.552,2.531
0,250512612,ssssssss-team/spider-flow,Java,9.0,3382.0,18.0,941,1.486,3.158
0,55584626,httpie/http-prompt,Python,86.0,736.0,27.0,2116,2.865,9.708
0,2269353,desandro/imagesloaded,JavaScript,22.0,573.0,20.0,2029,1.404,3.275
0,128658421,klaudiosinani/signale,JavaScript,31.0,847.0,9.0,1459,1.611,3.426
0,23013268,Moya/Moya,Swift,603.0,18281.0,219.0,3456,7.312,7.144
0,5710341,bower/bower,JavaScript,339.0,4768.0,204.0,3475,3.989,4.132
0,30711774,go-playground/validator,Go,161.0,2214.0,178.0,3186,1.578,20.63
0,7877397,jmoiron/sqlx,Go,98.0,862.0,75.0,3364,3.527,9.642
0,19757917,maxwellito/vivus,JavaScript,28.0,472.0,22.0,2975,1.778,2.559
0,132474914,bvaughn/react-window,JavaScript,69.0,1775.0,32.0,2025,2.445,9.591
0,92238803,openai/baselines,Python,171.0,6620.0,102.0,982,3.629,7.342
0,197261780,Ciphey/Ciphey,Python,317.0,17141.0,40.0,1548,2.145,8.962
0,151843254,rrweb-io/rrweb,TypeScript,440.0,6985.0,106.0,1939,2.432,10.196
0,186754830,umijs/qiankun,TypeScript,524.0,33393.0,67.0,1719,3.049,14.53
0,65219131,learn-anything/learn-anything.xyz,TypeScript,2.0,18416.0,11.0,1505,1.598,1.6
0,264125852,dream-num/Luckysheet,JavaScript,253.0,28237.0,72.0,1173,5.027,14.634
0,93947448,twintproject/twint,Python,113.0,4578.0,59.0,1285,3.695,13.721
0,1381283,altercation/solarized,Vim script,20.0,34558.0,29.0,2600,2.376,2.004
0,84009,jasmine/jasmine,JavaScript,266.0,9880.0,212.0,4223,7.845,18.252
0,168500397,justauth/JustAuth,Java,25.0,9554.0,34.0,1284,1.618,7.899
0,64991887,microsoft/LightGBM,C++,1767.99642505707,21359.0,285.0,2744,4.388,39.70675109302316
0,27382163,iissnan/hexo-theme-next,JavaScript,252.0,13366.0,115.0,1570,4.653,11.271
0,38900806,aleju/imgaug,Python,313.0,28618.0,24.0,1787,1.906,21.422
0,1203139,uuidjs/uuid,JavaScript,149.0,2678.0,59.0,3905,3.752,13.81
0,30161665,infernojs/inferno,JavaScript,236.0,43314.0,182.0,3289,5.64,3.828
0,34230966,commitizen/cz-cli,JavaScript,288.0,2310.0,85.0,3163,2.923,11.846
0,182097305,cool-RR/PySnooper,Python,71.0,495.0,25.0,1549,2.543,10.007
0,61872036,dvajs/dva,JavaScript,201.0,2377.0,87.0,2481,5.013,7.392
0,26827696,deviantony/docker-elk,Shell,78.0,758.0,59.0,2251,2.048,11.636
0,11847500,uutils/coreutils,Rust,1767.99642505707,24713.0,373.0,3088,5.97,26.495
0,1607357,ladjs/superagent,JavaScript,431.0,6319.0,227.0,4522,7.183,13.386
0,2278524,hubotio/hubot,JavaScript,523.0,4307.0,251.0,4305,7.777,11.953
0,8297888,twitter/typeahead.js,JavaScript,46.0,2151.0,70.0,796,2.945,5.175
0,17804584,winterbe/java8-tutorial,Java,10.0,149.0,11.0,1248,1.655,5.201
0,817345,tj/git-extras,Shell,558.0,2085.0,224.0,4819,4.253,14.6
0,1413492,defunkt/jquery-pjax,JavaScript,78.0,872.0,61.0,1664,2.712,6.845
0,6662075,joke2k/faker,Python,1091.0,9400.0,406.0,4103,5.349,10.643
0,30582779,magic-wormhole/magic-wormhole,Python,146.0,3237.0,53.0,3275,1.818,13.625
0,113928488,Sycnex/Windows10Debloater,PowerShell,36.0,478.0,32.0,1293,2.301,5.147
0,20541795,SnapKit/SnapKit,Swift,21.0,2878.0,77.0,2224,2.604,4.096
0,66483240,dennybritz/reinforcement-learning,Jupyter Notebook,59.0,5375.0,36.0,2218,1.873,10.006
0,69798748,verekia/js-stack-from-scratch,JavaScript,54.0,1808.0,34.0,273,1.94,1.954
0,124792826,kamranahmedse/driver.js,TypeScript,53.0,2609.0,37.0,2087,1.315,4.003
0,58616946,SimulatedGREG/electron-vue,JavaScript,103.0,5927.0,93.0,1805,2.615,7.269
0,40518025,graphql/graphiql,TypeScript,776.0,25426.0,265.0,1774,8.095,10.156
0,12774825,CodeByZach/pace,CSS,47.0,1433.0,34.0,3228,2.604,3.346
0,112150776,11ty/eleventy,JavaScript,174.0,3632.0,86.0,2160,4.104,6.032
0,50586840,mjmlio/mjml,JavaScript,371.0,10359.0,150.0,2929,3.425,18.809
0,190427007,rasbt/deeplearning-models,Jupyter Notebook,35.0,44048.0,10.0,1709,1.066,5.614
0,326688,janl/mustache.js,JavaScript,162.0,1578.0,102.0,4856,4.308,4.647
0,202787876,Rigellute/spotify-tui,Rust,413.0,2403.0,89.0,824,5.587,18.734
0,12358097,hackiftekhar/IQKeyboardManager,Swift,107.0,23915.0,87.0,3816,1.334,4.527
0,18068542,xtermjs/xterm.js,TypeScript,1767.99642505707,28005.0,276.0,3602,5.426,25.759
0,48212104,ustbhuangyi/better-scroll,TypeScript,95.0,18682.0,35.0,1201,2.721,8.534
0,151300862,instillai/TensorFlow-Course,Jupyter Notebook,9.0,21714.0,9.0,757,1.612,1.682
0,441269,jashkenas/coffeescript,CoffeeScript,669.0,30595.0,217.0,4309,4.521,23.147
0,115229134,mdx-js/mdx,JavaScript,727.0,42951.0,171.0,1228,6.328,17.064
0,44344606,go-chi/chi,Go,220.0,3736.0,125.0,3017,5.022,9.454
0,286867459,pmndrs/jotai,TypeScript,315.0,12442.0,171.0,362,3.818,20.883
0,59010815,ElemeFE/mint-ui,Vue,242.0,3420.0,33.0,608,2.653,12.284
0,84476389,jamiebuilds/react-loadable,JavaScript,105.0,325.0,85.0,1089,3.454,7.479
0,28748255,sweetalert2/sweetalert2,JavaScript,791.0,20685.0,112.0,2668,4.445,28.235
0,69953445,shuzheng/zheng,Java,10.0,41267.0,8.0,485,1.084,2.803
0,18503721,facebook/yoga,C++,98.0,46810.0,212.0,1759,9.119934622064772,12.259
0,51071818,so-fancy/diff-so-fancy,Perl,116.0,626.0,78.0,2580,2.474,10.306
0,305144746,tinygrad/tinygrad,Python,1767.99642505707,24389.0,267.0,1208,2.27,39.70675109302316
0,965782,validatorjs/validator.js,JavaScript,706.0,5444.0,410.0,4699,5.085,21.589
0,20965586,SwiftyJSON/SwiftyJSON,Swift,197.0,1116.0,130.0,3058,6.74,14.104
0,24635156,t4t5/sweetalert,TypeScript,82.0,5478.0,61.0,2721,3.012,2.884
0,1451352,mochajs/mocha,JavaScript,1146.0,24225.0,421.0,4720,7.002,22.344
0,192175095,conwnet/github1s,TypeScript,258.0,17917.0,43.0,1681,3.754,7.231
0,233130089,charmbracelet/bubbletea,Go,371.0,4177.0,97.0,1486,2.58,17.515
0,51769689,refined-github/refined-github,TypeScript,1530.0,22871.0,305.0,1799,4.752,39.70675109302316
0,49935814,littlecodersh/ItChat,Python,29.0,955.0,16.0,981,1.82,3.725
0,38836015,michalsnik/aos,JavaScript,30.0,1465.0,18.0,1078,1.443,3.278
0,107286889,schollz/croc,Go,134.0,24578.0,81.0,1724,2.37,3.956
0,45431898,bvaughn/react-virtualized,JavaScript,444.0,47116.439287332054,185.0,2363,2.41,12.742
0,120231691,Ryujinx/Ryujinx,C#,1767.99642505707,31404.0,177.0,2194,6.185,37.956
0,123572362,quii/learn-go-with-tests,Go,231.0,9297.0,218.0,1146,8.02,6.212
0,125266328,psf/black,Python,573.0,6668.0,417.0,1150,9.119934622064772,14.305
0,65794292,styled-components/styled-components,TypeScript,620.0,34883.0,322.0,1706,6.96,10.239
0,22458259,Alamofire/Alamofire,Swift,547.0,34054.0,237.0,3477,2.727,29.715
0,174038031,react-hook-form/react-hook-form,TypeScript,1678.0,28229.0,285.0,1794,6.109,21.086
0,40416236,minimaxir/big-list-of-naughty-strings,Python,90.0,330.0,69.0,2078,3.641,11.171
0,36353527,typicode/hotel,JavaScript,68.0,3143.0,33.0,3071,2.298,5.502
0,14434734,ReFirmLabs/binwalk,Python,132.0,45162.0,71.0,3364,1.972,9.958
0,43279131,connors/photon,CSS,16.0,3152.0,12.0,364,2.063,3.678
0,44440501,orf/gping,Rust,175.0,5426.0,48.0,2981,3.683,8.864
0,260338399,vuejs/vitepress,TypeScript,142.0,7302.0,291.0,521,7.096,14.622
0,48376164,Ramotion/folding-cell,Swift,18.0,23548.0,22.0,1214,2.099,2.432
0,156332497,codota/TabNine,Shell,21.0,16455.0,19.0,1497,2.6,4.375
0,247032621,go-admin-team/go-admin,Go,142.0,17808.0,37.0,1307,1.637,9.852
0,129874045,vipstone/faceai,Python,9.0,40473.0,4.0,141,1.177,2.255
0,50806714,drduh/YubiKey-Guide,Shell,167.0,790.0,116.0,2869,4.341,10.4
0,53256950,liriliri/eruda,JavaScript,21.0,3527.0,16.0,2688,1.089,4.684
0,35685034,oblador/react-native-vector-icons,JavaScript,205.0,11002.0,132.0,3134,6.652,13.034
0,25095239,aFarkas/lazysizes,JavaScript,37.0,2904.0,44.0,2362,2.087,5.999
0,35810174,electron-react-boilerplate/electron-react-boilerplate,TypeScript,445.0,17118.0,148.0,2158,3.162,12.941
0,12080551,tsenart/vegeta,Go,146.0,2541.0,66.0,3716,3.007,10.704
0,7874074,goldfire/howler.js,JavaScript,106.0,32217.0,93.0,3885,2.896,11.284
0,66088979,changkun/modern-cpp-tutorial,C++,107.0,39501.0,73.0,2451,2.982,5.763
0,20060596,ogham/exa,Rust,228.0,3879.0,146.0,3360,2.967,19.619
0,125596489,doczjs/docz,TypeScript,184.0,10072.0,127.0,978,4.75,15.113
0,11481338,zloirock/core-js,JavaScript,243.0,47116.439287332054,121.0,3856,2.367,3.641
0,1580851,dimsemenov/PhotoSwipe,JavaScript,77.0,30570.0,69.0,4624,3.292,1.968
0,24268127,coreybutler/nvm-windows,Go,91.0,33151.0,72.0,3379,1.506,8.507
0,24841635,date-fns/date-fns,TypeScript,924.0,22554.0,371.0,2846,6.467,18.328
0,42751014,zenorocha/clipboard.js,JavaScript,106.0,3015.0,53.0,2639,2.988,8.26
0,237791077,mingrammer/diagrams,Python,246.0,47116.439287332054,136.0,1432,2.611,12.594
0,212613049,cli/cli,Go,333.0,29001.0,402.0,236,8.228,17.588
0,156157055,GokuMohandas/Made-With-ML,Jupyter Notebook,133.0,4001.0,1.0,606,0.5,4.492
0,47394776,lerna/lerna,TypeScript,572.0,37167.0,313.0,1633,6.571,20.972
0,137147386,dylanaraps/pure-bash-bible,Shell,28.0,232.0,21.0,861,2.117,3.73
0,110058856,LeCoupa/awesome-cheatsheets,JavaScript,162.0,8944.0,126.0,2241,3.421,11.6
0,12244426,rstacruz/nprogress,JavaScript,33.0,722.0,33.0,2433,2.399,5.011
0,2206953,tj/commander.js,JavaScript,242.0,3167.0,160.0,4095,2.192,6.88
0,25136308,JakeChampion/fetch,JavaScript,161.0,578.0,72.0,3255,3.869,10.342
0,30215630,go-kit/kit,Go,473.0,7389.0,188.0,3244,5.339,13.869
0,23338716,JedWatson/react-select,TypeScript,873.0,19846.0,367.0,3359,8.169,8.229
0,85031442,poteto/hiring-without-whiteboards,JavaScript,1183.0,3302.0,428.0,2291,4.431,39.70675109302316
0,8681349,huginn/huginn,Ruby,973.0,8336.0,208.0,3906,5.115,24.33
0,58836534,algorithm-visualizer/algorithm-visualizer,JavaScript,68.0,21182.0,25.0,2743,1.706,2.849
0,137946752,nondanee/UnblockNeteaseMusic,JavaScript,15.0,1775.0,9.0,823,1.885,5.317
0,4696595,localtunnel/localtunnel,JavaScript,32.0,197.0,29.0,3698,1.807,2.216
0,1207300,statsd/statsd,JavaScript,303.0,833.0,189.0,4589,5.201,26.246
0,381979,fullcalendar/fullcalendar,TypeScript,122.0,32286.0,130.0,4363,4.71,6.806
0,59720190,sanic-org/sanic,Python,880.0,8900.0,284.0,1761,4.158,31.242
0,51728141,airyland/vux,Vue,93.0,33199.0,116.0,325,3.197,3.923
0,10054176,Nyr/openvpn-install,Shell,13.0,168.0,12.0,2957,1.423,6.5
0,11829145,basecamp/trix,JavaScript,112.0,5629.0,56.0,2652,2.291,13.408
0,37627792,nfl/react-helmet,JavaScript,165.0,2148.0,58.0,1839,3.633,11.755
0,11397939,allinurl/goaccess,C,302.0,8241.0,143.0,3861,5.356,15.346
0,26195776,JedWatson/classnames,JavaScript,78.0,540.0,43.0,2869,2.859,9.549
0,65411043,wulkano/Kap,TypeScript,329.0,24626.0,53.0,1574,2.173,23.12
0,11081405,auth0/node-jsonwebtoken,JavaScript,149.0,456.0,88.0,3712,4.626,16.758
0,18611173,julianshapiro/velocity,JavaScript,52.0,8139.0,44.0,2137,2.775,3.316
0,13473768,ionic-team/ionicons,TypeScript,51.0,28466.0,45.0,2945,4.613,7.416
0,105036236,Shopify/draggable,JavaScript,101.0,5603.0,44.0,1734,2.154,5.262
0,79779269,youzan/vant-weapp,JavaScript,56.0,23052.0,160.0,689,4.619,7.857
0,100401612,Delgan/loguru,Python,118.0,2058.0,49.0,2362,1.896,5.777
0,265122478,ManimCommunity/manim,Python,783.0,40436.0,373.0,378,2.834,30.468
0,39013909,reduxjs/redux-thunk,TypeScript,74.0,1704.0,48.0,3066,1.821,7.666
0,76342242,rough-stuff/rough,HTML,64.0,6173.0,10.0,2532,1.312,6.714
0,74762106,jhao104/proxy_pool,Python,137.0,550.0,45.0,2599,2.039,7.046
0,48626335,vuejs/vue-cli,JavaScript,171.0,30935.0,434.4330467010137,2132,3.896,8.382
0,4484451,amix/vimrc,Vim Script,106.0,29728.0,79.0,4239,2.854,5.204
0,130884470,solidjs/solid,TypeScript,84.0,13953.0,146.0,1055,3.193,7.118
0,50447720,kodecocodes/swift-algorithm-club,Swift,607.0,14104.0,237.0,2171,9.119934622064772,14.049
0,84533158,yunjey/pytorch-tutorial,Python,28.0,13110.0,25.0,1053,3.219,4.716
0,21125024,typicode/husky,JavaScript,114.0,4082.0,115.0,2389,3.188,5.238
0,187335810,jesseduffield/lazydocker,Go,170.0,26913.0,66.0,1607,3.103,8.437
0,12732573,junegunn/vim-plug,Vim Script,165.0,8805.0,54.0,3490,1.929,24.494
0,1828795,AFNetworking/AFNetworking,Objective-C,616.0,6129.0,281.0,4248,5.441,22.396
0,13855476,go-gorm/gorm,Go,644.0,4234.0,361.0,3756,3.323,12.94
0,21700699,vsouza/awesome-ios,Swift,1767.99642505707,13528.0,394.0,3489,7.551,14.695
0,2797951,doctrine/DoctrineBundle,PHP,350.0,3184.0,251.0,3294,8.88,20.889
0,125722945,TheAssassin/AppImageLauncher,C++,57.0,1860.0,39.0,2084,2.942,11.307
0,2302803,MrSwitch/hello.js,JavaScript,112.0,8749.0,61.0,4165,2.802,7.538
0,111044068,microsoft/tsyringe,TypeScript,73.0,1343.0,22.0,1976,1.926,7.786
0,97027254,Spandan-Madan/DeepLearningProject,HTML,13.0,2519.0,9.0,1104,1.692,2.116
0,156217558,microsoft/vscode-dev-containers,Shell,414.0,14225.0,224.0,931,7.62,26.156
0,3114995,markdalgleish/stellar.js,JavaScript,4.0,1191.0,4.0,1164,1.079,2.415
0,17714713,pre-commit/pre-commit-hooks,Python,330.0,863.0,99.0,2930,2.598,22.631
0,145865941,laravel/telescope,PHP,38.0,12314.0,158.0,1937,3.594,4.926
0,78002587,pardeike/Harmony,C#,119.0,16117.0,57.0,2586,4.737,10.464
0,365565715,pawelmalak/flame,TypeScript,37.0,3459.0,17.0,805,1.206,6.248
0,9149146,pudo/dataset,Python,103.0,800.0,60.0,3753,3.816,8.574
0,21127643,invertase/rdash-angular,HTML,30.0,1806.0,16.0,888,2.245,3.294
0,1464380,haraka/Haraka,JavaScript,1751.0,9040.0,167.0,4717,3.272,25.521
0,128907699,iamkun/dayjs,JavaScript,303.0,5530.0,318.0,1988,2.953,15.241
0,382496361,louislam/uptime-kuma,JavaScript,943.0,23974.0,387.0,936,4.563,20.938
0,220809393,Textualize/rich,Python,730.0,47116.439287332054,224.0,1542,3.083,32.395
0,162998479,sherlock-project/sherlock,Python,532.0,16660.0,192.0,1852,3.579,27.038
0,42489829,rust-lang/rustlings,Rust,215.0,2896.0,364.0,1741,9.119934622064772,7.888
0,1424470,moment/moment,JavaScript,63.0,22196.0,406.0,1010,6.673,13.191
0,53809090,juliangarnier/anime,JavaScript,29.0,47116.439287332054,43.0,1487,2.803,1.712
0,1700621,necolas/normalize.css,CSS,49.0,379.0,36.0,2472,2.116,4.223
0,19872456,remix-run/react-router,TypeScript,981.0,23774.0,429.0,2645,9.119934622064772,12.354
